source_id_1,source_id_2,ra_1,dec_1,ra_2,dec_2,ra_err_1,dec_err_1,ra_err_2,dec_err_2,parallax_1,parallax_2,par_over_err_1,par_over_err_2,pmra_1,pmdec_1,pmra_2,pmdec_2,pmra_err_1,pmdec_err_1,pmra_err_2,pmdec_err_2,rad_vel_1,rad_vel_2,rad_vel_err_1,rad_vel_err_2,phot_g_1,phot_g_2,phot_g_over_err_1,phot_g_over_err_2,phot_bp_1,phot_bp_2,phot_bp_over_err_1,phot_bp_over_err_2,phot_rp_1,phot_rp_2,phot_rp_1,phot_rp_2,astro_chi2_al_1,astro_chi2_al_2,astro_chi2_al_1,astro_chi2_al_2,astro_n_goodobs_al_1,astro_n_goodobs_al_2,phot_bp_rp_xs_1,phot_bp_rp_xs_2,rv_nb_tran_1,rv_nb_tran_2,pairdistance,angular_distance
6665580851581325824,6665580855875686400,301.60157350636587,-52.521626507318125,301.59765099729503,-52.5214818583393,0.12488780157523782,0.06625363526975728,0.07657473962545579,0.03663938060158592,10.091804137259013,10.013015434757369,71.43197,118.43492,-0.4667632115327853,14.234674981306416,-0.8394593352519841,16.834612684842583,0.20997735477224436,0.13748657851603066,0.13325749768554057,0.0760900384815351,,,,,15.760698,7.6699924,869.6947,2100.9255,17.059507,7.8613987,25.501638,634.43726,14.434401,7.3869314,93.89644,578.1797,461.45297,610.04193,461.45297,610.04193,173,216,1.6669023,1.1675761,0,0,0.002391080671509683,0.003925175249315722
6665624801979193472,6665624801981014272,299.7860890571175,-53.116857527844196,299.78636034494974,-53.11714172290932,0.06418645917661431,0.052004567274971665,0.07572365758878674,0.06222760599883399,5.4572242244817915,5.598829307046447,56.341705,46.982452,-0.9777190237577962,-47.834508098955425,0.7404338767552581,-48.45668770832853,0.12432036157370151,0.1128594486732914,0.14527532642850538,0.14138787321690136,,,,,14.943133,15.004186,898.04333,1026.1942,15.561685,15.601146,43.7174,26.211473,13.3397,13.490144,46.985767,22.823515,1220.4567,1769.669,1220.4567,1769.669,274,240,2.280252,2.141143,0,0,3.2753312068382537E-4,3.9289174456750984E-4
6665682766859732096,6665682766859732224,299.2639212182248,-52.999991407726704,299.2638429910122,-52.9985942486479,0.28290778342130246,0.2519013833629574,0.058138816374023225,0.045947208648587715,9.002358929888748,9.093384070470558,21.385668,109.25753,21.536536716175462,-60.400388526307395,21.09691208062671,-59.77355231657886,0.5656071304860302,0.5148483478810315,0.10849380933711002,0.09664056786334269,,,,,19.48495,16.221561,347.51743,1522.415,19.811653,17.817951,23.629816,116.01718,18.932495,14.994232,42.759758,702.2043,386.79758,567.3253,386.79758,567.3253,329,330,1.2512633,1.4878511,0,0,0.0013979520490819642,0.001399347343686696
6665683522773979136,6665683552837416192,299.28797274107626,-52.934303637825614,299.30097232710875,-52.933410776085026,0.027746035477499025,0.022344870627502074,0.04203360618339946,0.029331776735460478,10.363783406418795,10.318211923495333,264.8223,167.20082,4.094684138098183,4.937558368252893,4.28519588005532,5.246822036767126,0.05514314923923213,0.04701924263909094,0.08105981493183581,0.05803349594758086,8.247653469644863,9.131967193337136,1.24649640583297,0.39483615931540467,10.384307,10.460667,2367.1807,2378.181,10.806819,10.891093,1469.1165,711.12476,9.82998,9.897376,1711.9213,1104.8019,496.1772,481.7548,496.1772,481.7548,310,249,1.2066528,1.208928,10,14,0.007886034155992764,0.013030212550222707
6665910709364013952,6665910709364014336,302.4183973294507,-52.4224989422718,302.4175332749671,-52.42140393767734,0.10708783472097655,0.08693741311673678,0.051704883077876164,0.04068316850669889,8.682015703297758,8.414539020747759,61.89726,129.38551,10.588900148690811,-73.76133206341011,12.023694042303042,-76.71364465267976,0.20056606002513985,0.16946977373924535,0.09967761474484063,0.0778222828055226,,,,,16.393616,15.773434,735.4067,773.60394,18.044195,15.589278,97.7018,131.20941,15.131631,15.939416,529.6111,217.21112,1314.8951,432.42233,1314.8951,432.42233,263,244,1.5224383,1.2343218,0,0,0.001215194212540863,0.0013948566996361638
6666002071908617984,6666002071908618112,302.59957811818583,-51.810847877358356,302.59222490078037,-51.82016657068929,0.02526137088012663,0.022047019950934655,0.048297631552217155,0.04077380431117831,5.127215044603218,5.03690073227018,153.58755,76.96351,7.124267890875672,-27.649953841396705,7.491210107755775,-27.534210649847715,0.054370981827636125,0.04290286415884568,0.09339749914515207,0.07951659635048892,-18.405679504299094,-18.979909727827057,0.7714449317377807,2.337427370533917,11.001652,13.080894,2588.9556,3606.7883,11.301733,13.769041,948.2044,1001.42584,10.55969,12.290075,1076.7917,1348.7368,548.3543,1968.6694,548.3543,1968.6694,232,255,1.1961688,1.2715713,7,5,0.010368301747363152,0.011870461305611481
6666141671229040512,6666141675525304192,303.7564398720809,-51.09418342092055,303.75623183941974,-51.095932963694196,0.05971335631366751,0.04952288922368389,0.05876442940592465,0.046825167583955496,8.815055573419569,8.694063541494137,109.42425,110.18703,-6.329671107364955,-66.4547277354651,-7.150034993014067,-66.96723533839446,0.11595817972898749,0.1016999128964414,0.11338687783462148,0.09450116308560665,,,,,16.644098,16.4108,1176.1473,1151.2203,18.089264,18.068722,70.01476,67.55395,15.451093,15.158492,314.11383,424.9267,313.53976,365.07175,313.53976,365.07175,228,237,1.4719781,1.5092719,0,0,0.0017544143027238665,0.0017618676184413006
6666179127640352512,6666179333798782976,301.9073145594389,-51.749341927144776,301.8987934682638,-51.75088636819877,0.025462535536839217,0.02129967555338984,0.024764378323051867,0.020910836981953337,18.574586361067123,18.503287243787035,501.7167,535.4012,-17.86200754121767,-26.486217103764076,-16.56653251409934,-30.911444409817555,0.05262916639091203,0.044706210016401834,0.05062639086651338,0.041927689674564124,-27.237656799679726,-27.51711050814938,0.9807756389799765,0.22487649538726584,9.625252,9.519677,4439.47,4940.0674,10.099685,9.977955,1345.646,1295.7295,9.025604,8.934999,1243.9597,1038.8146,398.98297,567.40125,398.98297,567.40125,267,289,1.2137098,1.2106758,6,10,0.005496775260943132,0.008659924536788065
6666476408096685184,6666476408096685568,298.6944385574011,-52.376091335271916,298.6920168354143,-52.37735615720586,0.03752275188304281,0.03200517289385203,0.044206986070673734,0.03774193223374101,5.326690406115694,5.398643694449946,97.115906,84.0566,-31.45680605633732,-10.687181773772693,-31.564219396928245,-11.244222757530963,0.08063122647633171,0.05502852364181483,0.09464330724004948,0.06525311920041607,,,,,15.16611,15.546799,2033.7605,1519.3116,16.266825,16.730955,254.18141,150.19252,14.125665,14.464493,505.87775,571.9225,165.97412,190.80312,165.97412,190.80312,143,142,1.3767327,1.4007144,0,0,0.0019456067968498332,0.0027321258949828467
6666516505911492224,6666516540271227904,299.5319125125381,-51.90594640736311,299.5640515391574,-51.89556214866743,0.036845574128333704,0.029317143450253144,0.03408678213346527,0.030263098531865963,10.570630179589587,10.46204596498032,217.87366,223.04025,45.758051437662374,-43.41627123940981,46.452024556083394,-43.87894375358772,0.06980433282235583,0.054265235817885796,0.06416533338676211,0.055130522539280864,,,,,8.088731,7.5547457,2508.8623,1952.5785,8.362672,7.7340193,588.95325,539.101,7.696683,7.307123,879.05334,519.2002,580.3589,496.20486,580.3589,496.20486,232,208,1.1809632,1.1567277,0,0,0.022384938932741495,0.03377498868533171
6666596907699079680,6666596907699080064,300.2118098114401,-51.85801158035625,300.20967275733796,-51.85688318946368,0.03299528500488205,0.02233061737130397,0.06245592350363366,0.04165720591364645,5.730526645078618,5.893075965246833,131.2856,70.02783,-5.642475111188346,1.5951731770084439,-5.752834801120015,1.2670855803840129,0.061412080004229576,0.04589257081982531,0.10950819885461775,0.08409899716022691,,,,,14.102186,16.06537,4669.2676,1627.011,15.058065,17.388453,516.466,109.76621,13.139169,14.913238,925.4368,423.3595,392.91534,373.7751,392.91534,373.7751,288,297,1.3382465,1.4478054,0,0,0.0017364819238075647,0.0024166642799413685
6666610067478865536,6666610170556076160,300.4658703324632,-51.56491689945317,300.4720189980116,-51.56478135313999,0.028345320291923933,0.021555169439080816,0.03120274194273988,0.03598160549885066,5.166010456838352,5.081218282666471,153.98705,114.85241,69.7313653478493,11.60837875939981,69.56816766168032,11.572175365608073,0.05703607013174087,0.04357528507485663,0.0628465308021981,0.07394213030537164,-18.532685508785843,,0.5238790781534921,,9.493529,15.227224,4651.449,2587.293,9.806887,16.18499,1361.4163,340.9418,9.0484495,14.255038,978.2018,639.6839,686.9992,319.99216,686.9992,319.99216,311,280,1.1912513,1.3464899,6,0,0.0038245881699989024,0.0061501594149142
6666820795754296192,6666821826546455424,298.3709737997593,-51.218638164844734,298.3572025178487,-51.1738329710293,0.10845411573659125,0.08754885456021302,0.041450429380632876,0.03704030055949156,12.65968587980262,12.823352620580652,90.41607,228.04263,-46.38016470467197,-52.19752817640942,-46.16606726367737,-52.272440721621805,0.1802785415125065,0.1570643736222632,0.07629431430994703,0.0649585968937852,,57.935896529250556,,0.6565421923266246,17.029295,11.493466,704.3754,1072.1753,18.979177,12.212335,26.665508,380.8225,15.688707,10.704834,131.86589,541.05194,227.68484,305.71915,227.68484,305.71915,159,139,1.5860815,1.2589417,0,4,0.045628714193465675,0.046873805033311434
6667034101010027776,6667034101010028032,301.0351902161879,-51.01943412430519,301.0328519923324,-51.01930296910097,0.056617768614846326,0.02767697312347549,0.04195469746623221,0.020912865687405826,7.517005360902891,7.378474672976504,101.04008,139.33759,14.95243578350017,-15.33588021447785,13.551688712268106,-16.16958021657477,0.0730526448916573,0.05486855178418561,0.05787532090581614,0.04294283343435491,,,,,14.339641,14.350528,1631.8105,3754.3381,15.615409,15.369361,250.16873,404.10254,13.220464,13.354216,476.8298,460.15897,497.7092,302.3522,497.7092,302.3522,297,300,1.4206555,1.3533285,0,0,0.0014767134377454134,0.0023418993330565564
6667157864787366016,6667157929210179712,302.3148857338596,-50.39593871217177,302.3064596760183,-50.39013422644903,0.11752190510736421,0.059872705154979916,0.17178453534929722,0.0910537329463644,6.451898284074651,6.5856704805377,40.05889,27.107187,75.87504198756409,-156.53140798343878,75.87639798464433,-156.2780569226465,0.17418130432051251,0.12301927392085361,0.2429393153333039,0.18694171941593632,,,,,16.85509,17.728666,1407.8466,1003.3545,18.42287,19.459831,69.8901,30.244932,15.633647,16.4578,298.34238,304.68726,479.26135,426.38995,479.26135,426.38995,332,344,1.4852148,1.5221578,0,0,0.007908720785199906,0.01023183782373665
6667269774455541120,6667269774455541376,302.63836251521144,-49.43988818356374,302.63727086305306,-49.43979070753002,0.04977863555826708,0.0282574234100474,0.0980131115031186,0.05712839725437199,5.024810176732523,5.1102792545648565,74.111206,36.289207,7.884262638436432,-25.578883021456054,7.376526939726936,-25.393092642897884,0.07858911331849154,0.05739854651551359,0.15046893577991122,0.1148473400651769,,,,,15.49922,16.799498,2332.4175,1351.3514,16.745995,18.272493,189.39062,65.14184,14.378944,15.535729,480.83124,371.98282,453.83667,517.92523,453.83667,517.92523,343,337,1.4279923,1.5531633,0,0,7.165040545922864E-4,0.0010959954434410428
6667791114765896064,6667791114765897216,305.4185885402896,-50.00049568003493,305.4106415554712,-49.99753307223132,0.0321759329525014,0.023145168361404123,0.032435687607579824,0.022434573175386708,32.0546852295577,32.0771293952896,771.57764,745.3753,-357.6072255876667,-250.53039911013047,-350.0906783936946,-252.40924604099422,0.06525393999496025,0.04860226347426425,0.06562292201738679,0.045724718569862474,18.306256777598495,18.332580501269454,0.17165248977231853,0.39280836030650806,6.1113977,12.018748,4138.7754,3023.1785,6.4212747,13.215755,692.66595,317.19827,5.6891665,10.943425,614.5572,471.69736,598.57886,691.16547,598.57886,691.16547,238,248,1.1796483,1.390415,17,10,0.005905257056667518,0.00848125065668341
6667803793509358080,6667804102747000448,305.5389268699959,-49.736196763784605,305.5572057274675,-49.73828478702064,0.03112476326044244,0.024533821944700534,0.031168986235897412,0.01993650342366725,25.880314529467206,25.985170940397392,665.1464,717.03424,-11.889912013585814,46.37421458323064,-15.630835545345732,46.8020176711145,0.06077666029706149,0.04828576614354338,0.05803502734316411,0.03985091522426984,,15.487375668390143,,0.454475633597978,13.76828,9.745693,2158.5657,2516.6992,15.193643,10.372685,314.67065,742.40015,12.599208,9.021578,761.6494,818.4845,624.2708,285.3961,624.2708,285.3961,236,249,1.4476764,1.2415208,0,5,0.011996623168208447,0.0183977300637803
6667820767218674560,6667820767220320896,305.608615111291,-49.462910423724026,305.60900001790003,-49.463492596333545,0.053962332570347556,0.05202559428348126,0.05664901366528247,0.054670272215202695,9.846588000521734,9.948747614665209,129.98201,125.62661,18.684811059535832,-52.19343011687005,17.70921897967629,-51.57912349776052,0.10603541872663437,0.10530979061900468,0.11140873617456881,0.11170827027411424,,,,,16.449627,16.474522,1328.4894,1182.752,18.12012,18.118734,78.38573,107.6237,15.139408,15.171615,100.166756,70.72302,461.4042,438.6272,461.4042,438.6272,265,262,1.5813996,1.5756985,0,0,6.336460849069039E-4,6.979097684937178E-4
6668256586141461504,6668256586141461760,307.07924441872706,-48.70893075603704,307.07751679128495,-48.70926974387506,0.07307699753889339,0.0711343617674665,0.03162083115294855,0.026269857410994843,6.1638113273971635,6.0362027425711835,53.648327,133.02136,15.93298445644931,-23.556719380386134,16.778186068309367,-22.679229671203323,0.1455837692215359,0.1416228905359018,0.062178876949524176,0.05059130185964228,,-11.178354358892935,,0.2926358570552819,16.901108,11.188385,637.459,1349.7451,17.87325,11.591121,35.758884,656.33954,15.589978,10.658521,101.5246,703.68494,239.59537,307.87885,239.59537,307.87885,184,201,1.7246608,1.1999714,0,9,0.0011893624578296188,0.0017605707407116365
6668401171919059584,6668403989418902016,308.1411039346664,-47.72790673539553,308.03898287293504,-47.70248771682652,0.05727390281602327,0.035251177476423805,0.0334629761803362,0.0249776603182155,31.888870867767206,31.986458683609296,442.00357,665.78,98.02859606996687,-147.9754809597441,99.1752819753474,-150.91748552382222,0.10733408956803463,0.07563505124888924,0.06761258498300715,0.047352924448825225,,-11.729905752055704,,0.29021225184217836,12.8688965,10.114285,1292.2004,2173.8828,14.36888,10.998429,248.4695,655.5103,11.676584,9.21339,412.44928,962.9351,720.1157,351.24872,720.1157,351.24872,173,221,1.4616262,1.3014935,0,5,0.07325990097833597,0.10523705504311481
6668403989418902016,6668403989418902144,308.03898287293504,-47.70248771682652,308.0375449659919,-47.70239997967563,0.0334629761803362,0.0249776603182155,0.034753197859859516,0.025481760774755557,31.986458683609296,31.98434389999045,665.78,662.1667,99.1752819753474,-150.91748552382222,100.72810219465457,-135.9808148986141,0.06761258498300715,0.047352924448825225,0.07186220384977637,0.04862798632504938,-11.729905752055704,-10.363296554253804,0.29021225184217836,0.7617368991952508,10.114285,10.07316,2173.8828,2833.1357,10.998429,10.946255,655.5103,799.1352,9.21339,9.176361,962.9351,1160.9924,351.24872,302.97946,351.24872,302.97946,221,203,1.3014935,1.3011377,5,5,9.71653300514801E-4,0.0014405811968543972
6668487925964799616,6668487930259881472,306.67714142253004,-47.97057207222069,306.67757589659635,-47.97148223770787,0.03359271787306536,0.03097605425516051,0.03183180904083698,0.027872336903747883,5.617796365865244,5.732544913402625,161.2194,149.81384,27.286962195359873,-25.17656650252716,26.883073614116313,-27.043265432507752,0.07205495897291975,0.06799692708902337,0.0653515387154647,0.053191991074442946,-16.80678340784864,-18.908424583796787,2.304598470995039,1.1181708498070408,12.254333,9.351455,1570.6343,4491.989,12.737607,9.590908,247.00061,829.2297,11.57954,9.000556,495.16025,738.5277,285.47574,534.5679,285.47574,534.5679,207,216,1.2629049,1.1766149,8,7,9.55517769705576E-4,0.001008547930613211
6668524970057980416,6668525038777459584,305.7223912039931,-48.005513597677194,305.7085922062343,-47.998568780756784,0.04725537716075199,0.020629160196637932,0.04160142371828596,0.02462723565700498,5.4195981953361105,5.460366934857626,98.454124,114.284256,-47.67433544062788,-116.9871942362852,-47.877315209996304,-116.70087352300408,0.05970391300231445,0.04305526716980684,0.0706243218775181,0.05130091425831959,,-70.53505791361408,,0.29321650978188335,14.089484,10.259891,4123.3213,3149.617,14.896419,10.579553,394.49353,1352.8984,13.216708,9.803586,972.2433,1147.3531,185.54317,482.17474,185.54317,482.17474,220,256,1.3004574,1.1947407,0,10,0.011553274426357979,0.015448068526677322
6668856850770706944,6668856850770707200,304.66183945306295,-48.54167760561602,304.66260275028117,-48.54006924110209,0.02619870370855996,0.019720138009415654,0.020005488135244505,0.015378589896866015,6.736575216016897,6.678367606751033,194.08682,260.5817,-65.45456687848224,-36.8864208915228,-64.15872038243563,-37.26113184862129,0.05442096832434139,0.04114338377606959,0.04145689013498638,0.03277074200412893,4.56158424294194,,0.8936895266400479,,12.507425,14.010582,7301.6196,3013.832,13.07499,14.881551,777.37897,288.39117,11.8110695,13.090527,1573.8193,895.3873,286.2396,273.78305,286.2396,273.78305,272,264,1.2437223,1.3228471,11,0,0.0016858924393850583,0.0017802974619475671
6668917117751909632,6668917117751909760,304.11848541162817,-48.43655742321614,304.11522232332766,-48.44115157131481,0.021272501001770795,0.015800436027209874,0.01698318519745238,0.01386610245200128,6.77214655698065,6.742829484364989,221.80219,277.6939,-277.69748306939675,-324.32137717653393,-277.5330857121118,-324.5482640000374,0.04626652143372571,0.03331691912031456,0.037497408053087516,0.02915237570006565,,131.82465283047236,,2.339791787295853,14.39733,13.047298,3939.9954,3919.7964,15.31643,13.688551,557.3813,780.2185,13.449657,12.286962,940.3564,1046.7281,282.25912,246.03125,282.25912,246.03125,291,261,1.3342059,1.2643067,0,12,0.005078634899996167,0.005635063620710085
6669040293116952064,6669040297412209664,303.13803033035896,-48.24021060977802,303.1375075291696,-48.240647934560506,0.03532053749936903,0.021971841982121095,0.039676985974714814,0.023665255387233894,5.2020123942275625,5.011176143340259,113.466736,99.43033,72.21813999491015,-11.973666138810378,73.00429764384319,-12.752017434315057,0.06552283870072996,0.047775009828086794,0.07860368194221365,0.05335049841298066,,,,,12.395725,12.670838,2923.52,1066.3613,12.876156,12.419844,279.7654,116.14637,11.542036,11.628477,51.424843,24.594824,501.6617,394.63132,501.6617,394.63132,323,296,1.4062016,2.0365298,0,0,5.590066705898008E-4,6.81596690827866E-4
6669072664287717504,6669072664287718272,302.73224535276785,-48.10113432463139,302.7330998711596,-48.097314435513326,0.22361969758430464,0.15070877346844488,0.0486784001346809,0.03545496773859227,16.845980424775682,17.28557433655215,59.303947,286.5412,-73.23715062732275,-50.23080175359479,-77.71957528428518,-54.100020897098354,0.41761662921711934,0.29987571662661894,0.09664821686437342,0.07050590328952305,,,,,14.220695,14.882256,1715.4995,2092.7756,15.727344,16.38794,312.3169,234.7144,13.007757,13.684392,432.34326,501.806,14083.321,642.93286,14083.321,642.93286,206,219,1.4849977,1.4672109,0,0,0.0038622833772365794,0.003914301285814519
6669671829405061504,6669672031268561536,305.17814111026456,-46.068906470492315,305.17074927665766,-46.06999883295791,0.03175326264293121,0.020594162868252604,0.08157304844399728,0.07328505059201522,10.159631332047889,10.428282953059375,237.97954,85.15918,58.603947030727234,-7.408476894255899,58.02878028010434,-7.6830495476566085,0.06376467542010152,0.041306743527365276,0.15797010317925222,0.14775152158994698,6.381974137112184,,0.3339680714193481,,10.817445,17.084066,2190.7532,1202.0164,11.304736,18.922998,948.4294,48.408253,10.208136,15.779721,1466.5591,373.70764,680.44727,477.39374,680.44727,477.39374,354,340,1.2147484,1.5510983,15,0,0.005243398536417462,0.007472112139707926
6669870012079471616,6669873005673630592,298.4217863765244,-50.655007141236105,298.42733894012525,-50.63239004990736,0.07667661521572901,0.08259549556674982,0.0380098632645336,0.0381534421918349,22.636828487350602,22.86650524825734,204.17769,413.59116,101.05725024299645,-137.38872127030393,101.2783963867526,-137.74065217162115,0.15362150475726502,0.14292766973507431,0.0753001921628099,0.06339103074477884,,,,,16.319199,13.518911,931.1529,2487.1985,18.536945,14.972167,52.41256,420.55887,14.939627,12.345676,496.1134,529.2959,471.22406,659.8627,471.22406,659.8627,169,169,1.6130114,1.4474759,0,0,0.022889539566812094,0.023288705045893848
6670008589201056384,6670008589201057664,299.43919621629976,-49.96095345592003,299.4368050616624,-49.95973662475056,0.0663088025454033,0.05359180117684201,0.04888453966902671,0.03891546434024272,5.908109543974003,5.853714549060459,71.11388,95.81113,-25.912426576597053,-14.111733201430521,-26.41832566621901,-13.83484122997492,0.131913692773999,0.09811035263196852,0.09735476601124539,0.07037423594336589,,,,,16.489504,15.755753,1059.0619,1565.5377,17.936014,17.044506,78.85869,239.13272,15.300921,14.630753,370.66043,623.7121,264.8775,283.5162,264.8775,283.5162,182,183,1.4665437,1.4243857,0,0,0.0019613665464024883,0.0026829645160978146
6670054528171484416,6670054596890846336,298.98069504326696,-49.71239587551506,298.9705863003415,-49.700218044932285,0.028047249172479534,0.025832628672946535,0.022483398457676256,0.02245245749912845,6.232747834508958,6.296727979806636,148.94281,195.35745,21.37445413666287,-42.31206600929405,21.13050259993404,-42.316749591698745,0.05938207103849396,0.04228825621232001,0.04498793781556892,0.03694849445796784,,,,,14.630049,14.526936,2455.1702,2715.0615,15.68594,15.548544,295.26953,198.88449,13.619865,13.533511,516.2237,623.702,179.40869,181.38948,179.40869,181.38948,150,168,1.3574147,1.3497646,0,0,0.013821611055969065,0.015826757129490637
6670178459452754944,6670178463747983744,298.1269763116519,-49.425408888523286,298.128513567495,-49.4250176204329,0.03565637519378628,0.03059055916474819,0.027719550653983023,0.023171741399696247,6.23514073701344,6.204144174189331,129.15562,170.14403,-4.415712060193608,-0.17817828081531278,-3.5778873367368114,0.897672485125271,0.07043868391903772,0.055711449281197735,0.05424928407437149,0.04164208521862486,,47.14117218030486,,2.1499217791344924,15.2046585,12.882368,1862.1145,2894.4924,16.315899,13.533158,111.68701,630.8287,14.12588,12.131158,295.6947,965.3944,216.37628,158.50372,216.37628,158.50372,166,167,1.4140816,1.2535706,0,9,0.0010737207340293699,0.0015862680245651766
6670393899307337600,6670393899307351808,298.92339823673143,-48.16355642026804,298.93158595194376,-48.17020739508608,0.04120182863854136,0.034338075520779665,0.03931970304369462,0.030001690485565977,9.012277015581814,9.023845001595822,143.96577,157.36652,-0.9428685656338714,3.9121755482179714,-1.0589080669366582,3.9149844245493166,0.08318853211706875,0.05970689098354979,0.08127181478450853,0.05155552216562075,,,,,14.75709,14.613876,716.5364,2082.0276,16.040085,15.85866,154.40388,305.50974,13.64041,13.516264,253.9747,554.90955,339.25577,275.41626,339.25577,275.41626,169,165,1.4164091,1.4037243,0,0,0.00860563487841078,0.010548656143247202
6670443927085968384,6670443927085968896,300.7632908409846,-48.89599649639848,300.76219512175123,-48.89380347489916,0.030704841021870013,0.02683322062639564,0.033573718500008294,0.02744014180411289,5.989646354128741,5.9030342451361495,150.25986,138.01315,38.28253868226153,-63.12671574032602,38.165875741848375,-62.51705806832067,0.06186760229483046,0.04626359586012912,0.06793451016388093,0.04748802495081893,-50.09126526019227,-50.487002879342924,0.607118670912411,0.2543642158270844,11.017391,8.758512,2318.4536,3397.645,11.370514,9.074894,713.60876,650.54395,10.530285,8.322548,956.5761,527.3819,363.33673,439.43753,363.33673,439.43753,169,177,1.196827,1.1843551,7,4,0.002308306607528956,0.0024515186996808664
6670849711300367744,6670850467214611328,300.7487000576508,-47.464800294083666,300.7484299986752,-47.461721566079035,0.025526870349991383,0.022564966687522427,0.025256152545356177,0.022291245615857665,7.060394143939551,7.046276992645692,215.64119,216.28888,-11.179869565040283,-10.59348285689898,-10.75085276803918,-11.343433190259379,0.05001458038266966,0.039404284921140086,0.049618121218947465,0.038894533808241726,23.536743678325156,22.58629318691927,0.8804900463319713,0.48633176781371706,11.876113,11.886822,2849.543,2133.9695,12.376469,12.390954,599.3147,449.43082,11.24169,11.253383,876.046,766.1542,233.05403,203.14066,233.05403,203.14066,205,207,1.2266243,1.2243251,6,9,0.003084136901414697,0.0030905497855253667
6670967565202244480,6670967569499241088,297.0619743389416,-49.36309523079721,297.0616723841616,-49.3624525699692,0.016983742602475062,0.016551686649140262,0.06276998684525001,0.060206752386271975,6.987205622826516,6.84952769775209,295.47577,77.66122,-4.503628161968387,-13.240942944317162,-4.713902121622368,-14.313221986124802,0.03316370203651764,0.026890553989221397,0.1223424996067981,0.0980670305740692,7.3136859280321715,11.570009073729551,1.5930262803067563,7.129218422674653,13.155565,13.201627,2796.6497,2522.4883,13.867436,13.966127,141.78203,395.31134,12.252375,12.282742,66.32328,62.624702,127.60292,1662.9194,127.60292,1662.9194,182,175,1.3594015,1.3556446,7,3,6.720754876280592E-4,7.100631162036401E-4
6671044947630014464,6671045050707117568,296.3285977855483,-49.08282587176429,296.34311805799877,-49.07287842991582,0.11451481865676026,0.10316788422293095,0.1283614785256432,0.12100684998769755,29.445657555670433,29.002766760520366,190.74017,161.71455,-258.6741992329145,-140.0104829546911,-258.0335671582285,-137.25595185768765,0.21021054912802173,0.17679961424833196,0.2303353931411941,0.2014280910134454,,,,,16.747635,18.00522,1019.1369,605.11816,19.50383,18.620354,22.538437,84.67038,15.271253,17.267267,241.00356,110.038414,467.53116,207.53255,467.53116,207.53255,165,185,1.717397,1.2566864,0,0,0.013762834138585492,0.017600849734152213
6671179053686901120,6671179053688437248,297.9910807492414,-48.23131962247265,297.99105472121437,-48.23200133320731,0.039700943992947754,0.031881838507514436,0.033875592358044104,0.03135587772292367,7.107661756020336,7.17957105463971,147.8502,157.29758,-62.47170094261709,-0.6215744257668108,-58.82127579095688,0.21680023119672598,0.08162783907127895,0.06002085751256515,0.07379859378063777,0.05865987329084257,-4.26996797551071,-8.180856967606996,1.5680715041820326,0.8441819324183749,12.552542,10.764678,1627.336,4008.9707,13.163074,11.179327,33.411537,475.68127,11.737109,10.197444,498.08893,283.85654,136.47966,166.40228,136.47966,166.40228,113,127,1.3206341,1.2187526,3,3,6.819311732742161E-4,6.822074346875286E-4
6671520967444642560,6671520967444643456,299.0269499545591,-48.01387294362227,299.02322396939473,-48.01164842988132,0.03421983099098883,0.02852729529467192,0.07029092952923441,0.06250887652852119,7.911463713527114,8.072593287586436,173.3992,84.65686,-0.96922816612406,-5.839722748965363,-0.9624494745298557,-5.527001214031754,0.06400327143433332,0.05153761722666191,0.12772153966016908,0.1147735316533071,,,,,14.297422,16.575127,2070.7024,1064.2915,15.38737,18.065346,605.74963,81.95185,13.274986,15.382805,483.4543,356.63962,337.35327,238.83252,337.35327,238.83252,184,172,1.361113,1.4633015,0,0,0.0033408511836255984,0.004339519193255587
6671701459148536576,6671701527869967232,300.4478529113963,-46.781701312649815,300.4458552513466,-46.778217274815034,0.03169194968015236,0.028176866011983406,0.030750493232187193,0.026887474703295354,6.364506800344263,6.478176746313686,160.48892,159.16449,-57.735864936451506,-22.20427272320909,-57.164267170449115,-23.11243346187276,0.06281035519680911,0.05061032073910992,0.05954468603186126,0.04906952423594374,83.11076367432457,,0.41441844019849594,,10.807125,14.754949,2497.1594,2202.5813,11.160364,15.816312,1616.3489,276.40283,10.316574,13.740645,1004.6717,447.86768,209.97763,207.51355,209.97763,207.51355,145,155,1.1988901,1.3601278,12,0,0.0037429865375900274,0.004016113209110667
6671753651593210496,6671753651593210880,299.62381265003836,-46.58342076095653,299.62057329241804,-46.57942487507309,0.07919131725877367,0.06963790859011786,0.02930708962501455,0.02552116112378087,10.706672327032155,10.574191565148134,105.24846,281.2236,-78.99525086588973,-27.50402618435929,-79.46739863045734,-27.384904124759462,0.14765459605482814,0.12380910215212122,0.057427819082112884,0.04228187394861871,,-7.190975304218165,,0.37728854303458825,16.461224,10.4027815,782.75165,3993.8066,18.122044,10.844033,97.99076,644.9473,15.209443,9.832343,400.4379,1458.0992,458.7538,340.28625,458.7538,340.28625,187,181,1.5081906,1.208763,0,8,0.004574313086156858,0.005143981122222759
6671957469265477248,6671957473561394048,299.7399134488972,-46.091146494394856,299.74441181508905,-46.0878874620659,0.03570928883028021,0.032619285425425845,0.03649538704803501,0.03211816463873443,19.41630016077243,19.325799386759165,344.34503,348.62372,77.978371678755,37.74093130304374,78.90615567806896,36.60752237599539,0.07564965281058314,0.05331471637961661,0.07944962512668059,0.052013387988163635,,-7.255256893636888,,0.19453282622062043,14.228756,7.3378086,2681.917,3330.4592,15.496769,7.621417,293.07925,514.3767,13.1161375,6.9465966,375.77432,451.78485,405.74573,326.6913,405.74573,326.6913,178,168,1.4150866,1.1754426,0,7,0.0045115680347870704,0.005554870846130285
6671970633341040768,6671970633341041408,299.65503611713075,-46.008166005386855,299.65500757897144,-46.00711807935572,0.029237225623530535,0.024903707476178566,0.06734251264369205,0.058986311928950104,9.518796234652148,9.668886784903568,239.29358,101.10326,32.95606028370417,-18.41232970978876,33.3493760306307,-18.569292048213214,0.0578264061524052,0.046406892932432144,0.13131455229078495,0.10955739545327536,,,,,13.972163,16.311384,1122.7832,601.51044,15.089745,17.985481,256.43024,37.14954,12.933364,15.012247,400.7781,176.3916,270.1071,287.07327,270.1071,287.07327,167,168,1.3709496,1.5664194,0,0,0.0010481134766324317,0.0010483145488190714
6672025986879612672,6672025986879613568,299.43881981143903,-45.827891455782265,299.43681158976625,-45.82390410707941,0.03821440031671637,0.03320287577598328,0.04338472691757507,0.03801032526084321,6.330211508608413,6.181294418102817,127.0263,106.40531,44.790756289031684,-59.48411837178564,45.62817275206403,-59.5267273981261,0.07685803786778775,0.05830766206909279,0.08400531072872626,0.06720916003494817,-47.32359434738637,,0.41614817971394313,,8.5119,15.5916815,2951.3604,1614.9954,8.737513,16.804266,759.49805,214.39027,8.188966,14.492298,365.57678,262.31155,447.34686,260.40744,447.34686,260.40744,161,174,1.1691945,1.412648,6,0,0.004225790021328365,0.004464516095301524
6672394529433208832,6672394529433208960,301.81010047828164,-46.727998711810734,301.8109616422233,-46.725265322230435,0.028177960284134572,0.024360066812400046,0.03524153322804758,0.029176363139485094,22.07784860321916,22.1162702900062,627.3203,485.78122,-68.66063893112708,12.226062455335608,-66.67344706293741,19.647568850695865,0.05607592282865929,0.04297361991640979,0.06999819521500632,0.051452228534537486,19.266118445364626,,13.273612285878126,,11.976491,13.134218,1821.5709,654.4587,13.298406,14.514471,353.90305,133.8999,10.856031,11.97833,386.23465,226.29321,448.71872,522.02563,448.71872,522.02563,188,183,1.412645,1.4409529,10,0,0.0027964057769407614,0.0028658370386441317
6672700429890532224,6672700434183572864,304.52242308390623,-45.83412291718234,304.5254076991947,-45.83325532959788,0.037861986542344614,0.02102149715823423,0.01963347757285677,0.012535478454553294,6.075203191715585,6.082172500426426,121.17515,243.504,5.350438465710298,14.145356534820442,6.048607393881423,13.622759567485712,0.07591771834820642,0.042206277676583435,0.03900389070909067,0.02605027546134628,,,,,12.374905,13.282733,2956.655,4282.7275,12.910763,14.004185,508.01443,846.938,11.707323,12.471283,1012.54626,1347.3,304.28546,189.0917,304.28546,189.0917,302,300,1.2354448,1.2767502,0,0,0.002253236524960424,0.0031081564691876626
6672725070116041088,6672725070116041344,304.08811377033663,-45.94730588708687,304.0886315298018,-45.94614803087659,0.047696175024638174,0.043984441562120925,0.02356015195862537,0.02100071833074853,6.037966322897928,5.957177988408794,78.48974,158.83824,22.527671031745555,-11.522806441590662,22.027989631440867,-11.855566818343355,0.10374501176784746,0.07762538809170082,0.051857693613597954,0.03700347969818853,,,,,16.024195,14.377737,1177.2035,2445.5996,17.418446,15.386064,90.40839,269.86972,14.840168,13.385498,250.21954,658.92773,298.06906,257.89435,298.06906,257.89435,206,212,1.4707525,1.352125,0,0,0.001212534414374522,0.0012683476918491261
6672790486762670976,6672790491057857024,305.22517113979444,-45.545797708741304,305.2295622727456,-45.546067841758976,0.03839159420019291,0.022221355916996997,0.035287112397198055,0.021128697287100835,13.764612042809086,13.781634005789947,292.8829,313.91815,23.366599074558174,-72.82685443529621,22.7097517461232,-67.59828660483343,0.07098396312697439,0.048379746544719326,0.06604436304488533,0.048549143016671605,,-8.665068655239601,,0.654996531170054,7.221335,10.879682,5569.406,2274.295,7.4927387,11.66724,1337.3033,435.66287,6.84041,10.046264,1154.3335,849.44183,782.95526,719.00165,782.95526,719.00165,383,353,1.1760657,1.2728509,0,14,0.0030871154250721065,0.004399434104769983
6672794579866760448,6672794579866760704,305.0733422266845,-45.48759064311623,305.0726194542116,-45.48718937838528,0.077291697123354,0.045326230387655216,0.05328938247349336,0.03160491701269198,12.663692642018583,12.637915341420983,140.263,203.45688,81.57845584354524,-336.6120396945515,80.01079918621359,-333.08532150975464,0.1328734591173112,0.09858661607141254,0.0951487565258782,0.06902804956756468,,,,,15.670779,14.943506,1580.3848,2896.7693,17.451986,16.467123,121.82629,244.2797,14.357541,13.70531,366.07477,240.70985,1058.0443,925.0025,1058.0443,925.0025,342,362,1.5701058,1.5128044,0,0,6.46351138997961E-4,8.266882313668097E-4
6672820452749968896,6672820452749969920,305.26526790628793,-45.079326230540296,305.2629974324695,-45.08024075695776,0.07516893420359236,0.05351241138481016,0.03966746032603207,0.030933994959401172,6.055063775368764,6.201955367139087,53.613228,106.558136,123.09092599662455,-11.388310490638448,123.32061971155079,-11.283849114095885,0.15312551982154918,0.10819798778523758,0.0809071003911425,0.060752058425772824,,,,,16.762407,15.4485445,1418.0413,2267.3333,18.25453,16.660292,81.0994,216.77864,15.565891,14.351142,394.8037,503.18646,449.05255,348.23895,449.05255,348.23895,315,300,1.4679213,1.4106951,0,0,0.001845726395575993,0.0024477356737323637
6672870308730226176,6672870308730226304,304.9704871503451,-45.04791022224459,304.96786801745554,-45.05045785156241,0.025217630801544294,0.0157086728220483,0.03738710864130615,0.024795886181761196,14.550934300969946,14.647729539906194,384.99167,259.5186,157.7289984853791,-161.78986362617187,158.56879957571203,-161.08857175397685,0.05507189236052911,0.03143049646701014,0.0813191601554849,0.048846165682647394,-19.029954497525782,,2.1024618838125284,,13.494265,14.954319,4517.389,2960.6606,14.555381,16.258383,751.2332,282.35812,12.478006,13.829634,564.87756,649.32196,399.73074,548.8471,399.73074,548.8471,292,302,1.3621446,1.4209049,7,0,0.0031487227610880763,0.0036538024350198663
6673179477656434944,6673179477656435328,304.5753634412968,-43.99683426890211,304.57426464735454,-43.99599520778431,0.04940452060064032,0.04132212875557657,0.06721715247084684,0.06260424458730733,5.826833989153357,5.8199829709519175,97.026276,64.27448,-1.7556443656205605,-6.573064766990529,-1.7818969537751332,-5.750241526856455,0.09502018588637097,0.07483029993159823,0.12699532412385084,0.10009881673222615,,,,,15.90045,16.334198,1193.2188,972.43646,17.221634,17.75688,85.93147,81.011955,14.76342,15.16003,547.85754,273.296,260.45697,297.3957,260.45697,297.3957,186,182,1.4311787,1.454046,0,0,0.00115275368024042,0.0013825236659779768
6673257680420593664,6673258225879505280,301.79415871915467,-45.817552210565225,301.67790036673404,-45.821513659028916,0.03302506797563971,0.029667641398329492,0.04502882532207574,0.036069242656153085,6.669484313343004,6.658985312684381,130.05707,93.836624,-6.742077196954611,-63.620718973961765,-7.056563396633187,-63.62603121264859,0.07214708945072743,0.04703349591117254,0.10263286482383696,0.05883946863317112,-18.804795526664897,,1.2575718320432794,,12.723145,9.074696,2686.5303,1486.7573,13.382958,9.409737,457.90704,658.42413,11.964261,8.612626,707.0919,509.58423,164.56882,260.50186,164.56882,260.50186,163,137,1.2562741,1.1905115,6,0,0.08111962590031434,0.11632582508407079
6673274138735304320,6673274447972948096,301.7766424088168,-45.55055945149552,301.78148815194106,-45.55259154469081,0.0281840085791807,0.02778965975931011,0.0743859253142303,0.07097935382833952,7.538868020748494,7.422856876761906,186.03218,93.36807,-5.528276000720572,-54.395169713357,-6.478965361591797,-56.720384730213134,0.0580015824834159,0.050383049371011644,0.13942766325059686,0.1197442737185453,36.15985997425751,30.4227619018148,0.3900258315972107,0.9675565763101662,11.653406,10.304842,3694.7026,1836.3185,12.161719,10.672751,496.4761,457.59122,11.0156555,9.809191,839.3036,548.93604,294.9188,547.35315,294.9188,547.35315,172,97,1.2255923,1.1949354,4,3,0.003955247230489445,0.005254581732204505
6673284343577544960,6673284343577545088,300.74848445729066,-45.9922469851479,300.7481338928874,-45.99075931359042,0.025955821698321082,0.02329940464946883,0.022471241183153363,0.020495117669489585,5.058044097772465,5.025019073421636,148.09099,164.89655,49.40959861313124,-46.09495472442302,49.88456286049292,-45.741092560326706,0.05311883594138001,0.041578169396176604,0.0463418543992124,0.037733385654668834,-10.045983930634208,,0.5463914089309969,,11.693542,14.609201,4213.1978,2801.66,12.117414,15.579262,786.21796,221.04155,11.1357155,13.626387,1170.7649,424.43677,277.30435,230.51146,277.30435,230.51146,213,220,1.2083219,1.3533335,11,0,0.0015074773907671776,0.001528418157374738
6673292933512285312,6673293174030454400,301.01515614508423,-45.79952399893621,301.016158049497,-45.7917765707696,0.04275597707308141,0.028130366844416225,0.03802039653789291,0.027696746829898988,9.384448180107496,9.242478304391552,208.40572,211.20976,-32.958418109990866,-161.43235314279502,-33.09022630821236,-160.9016334648577,0.0818282936135291,0.05022252437045582,0.0728131657257803,0.04909329927138254,-0.48440876585857673,-0.8269536652072667,0.5347685264085211,0.14557277849349176,9.889424,10.257101,2645.4207,1622.5723,10.289599,10.692845,830.2788,448.4783,9.365406,9.700616,719.14197,567.03076,297.12454,277.60837,297.12454,277.60837,146,157,1.1974398,1.2020466,6,5,0.00777885669955661,0.00781194314169585
6673306088996481536,6673306093292097792,300.969451682467,-45.71058863817005,300.9729786007177,-45.709028361496706,0.024203029154189912,0.018974774686983126,0.036779844967889136,0.027304947792580365,6.0051265439138675,6.087514582057808,198.84554,140.41199,11.953127774194936,-43.26287306898272,12.601398647717922,-41.99859058752879,0.04819954843575985,0.03570250492428736,0.07538694634773913,0.053343529167242755,,2.7660601676988037,,1.8992233794848237,13.108822,11.348229,1057.001,1438.3357,13.972974,11.76379,216.26132,380.18198,12.208303,10.797861,275.1606,699.61426,235.69353,114.84038,235.69353,114.84038,154,144,1.3071893,1.2072605,0,7,0.0029154678618714884,0.003856632682042808
6673323681182278656,6673323754197677056,301.6020795351082,-45.50129893452733,301.5998690436011,-45.501254943785966,0.07953222597047419,0.06776907363016345,0.08586246936329031,0.06383608731806599,5.7550971331976735,5.369030335083569,56.550934,51.342205,-49.23936667687569,11.013428401037322,-47.916403974784124,11.460100399245071,0.15285050241564996,0.12412470726431989,0.17090328557017015,0.12045001104121514,,,,,17.093693,16.876307,1033.4357,1027.6428,18.582617,18.332361,54.71267,72.17066,15.8835,15.674639,384.65646,339.516,230.89104,209.39111,230.89104,209.39111,186,175,1.484725,1.4802852,0,0,0.0015499432394153498,0.0022109291911798453
6673361412470617856,6673362168384862848,302.453632905003,-45.36792613096274,302.4432694960885,-45.375406247984536,0.030311031124716437,0.02706855132189962,0.08829528921859436,0.09108400043697895,18.612879366217083,18.49326502879222,467.16867,157.92021,102.74937223313508,-227.35461954963424,101.44276932115295,-225.50367142519795,0.06549782503135824,0.052489620740324726,0.1792248561897819,0.16678472261650476,23.3076727340575,29.345783604662635,1.7347366171262826,1.7642691099016778,12.77896,8.938979,2662.4956,3668.886,13.926159,9.344849,795.1244,482.61328,11.730566,8.415584,370.06046,452.69644,432.94534,2039.186,432.94534,2039.186,176,176,1.373746,1.1943904,6,2,0.010438180311720334,0.012780938736639737
6673424359511428608,6673424359511428736,301.7020271080584,-45.25399705583762,301.7015513844919,-45.25466433699627,0.10107496824981761,0.08381309209231536,0.06681296348286393,0.05365226522181897,5.4667712929163965,5.906155176371702,43.712288,72.12502,12.455984409567296,13.843445201135442,11.501411582479053,14.803538014931734,0.1770206938038349,0.15456992491708194,0.1166498060897155,0.09932778770661176,,,,,17.11629,15.911139,671.85785,796.6652,18.740414,17.451963,30.406857,63.485985,15.873892,14.68839,184.97427,138.82568,252.0857,354.33054,252.0857,354.33054,175,175,1.5020376,1.4911456,0,0,7.466029946008328E-4,8.194980515127546E-4
6673512389161356288,6673512767118477696,300.3630144935307,-45.43224700799073,300.3789627024431,-45.42224166235102,0.08791725386185321,0.06476440074710088,0.08688500533494421,0.07109898959871834,5.4146843079813305,5.540560356299716,43.01397,39.80072,-15.045457843054468,-9.52532131341132,-15.181777844979402,-10.381918344667891,0.1732678484057111,0.121925873270355,0.1815005146591654,0.1229317825480198,,,,,16.667618,15.546263,903.1656,1453.0054,18.032503,16.852001,103.28948,138.0589,15.514904,14.417099,390.6282,319.38052,187.29527,488.2979,187.29527,488.2979,146,140,1.4402769,1.425527,0,0,0.015012764102743902,0.018826903858132897
6673533967077186688,6673534031501736832,301.1025116181863,-45.03326343783987,301.0987711414229,-45.03265668155999,0.03488696645416215,0.02862607378120517,0.057437390955232544,0.055435920235029655,5.952291604949511,5.897110288824087,140.8204,78.3282,48.49659695976095,5.160646939599278,48.27869739229441,5.604146203090376,0.07311395416984003,0.05738599368398171,0.11047513806115435,0.10267336040243617,-2.8449977914974838,,0.34146343504506044,,9.202474,15.933883,3563.3784,953.78296,9.455348,17.074553,722.1878,78.20774,8.832692,14.835808,633.3066,267.5545,387.98813,156.8528,387.98813,156.8528,170,121,1.1797161,1.4276686,3,0,0.002712137130021396,0.003789369288008269
6673555819870786176,6673555819870786432,301.32179439547525,-44.74743191234876,301.3191483616199,-44.74877856727798,0.0490093808211614,0.03197399754015423,0.07485740788145295,0.05210822169581336,13.422026525225492,13.400005666274426,201.32613,126.237335,22.163842346578445,-63.278205147062856,20.832690544465077,-63.128221950156075,0.09699284107232288,0.05785913679469356,0.1467513663603113,0.09589759067992751,-27.529085691751092,,3.5510666722981648,,13.131273,15.852069,1738.0566,970.73035,14.252519,17.473743,498.00467,63.256107,12.083806,14.614583,624.26843,384.23108,636.9829,353.97028,636.9829,353.97028,167,161,1.3789567,1.4963702,7,0,0.0023119273359005384,0.0029690023007760565
6673560969534901120,6673560973831425152,300.2494445844173,-45.32155235113262,300.2508988341303,-45.32147708093529,0.048156527090581464,0.03293749578335662,0.0790098819814251,0.06797139324390589,9.382948642170598,9.345351209230108,136.73201,66.19467,41.23746855033004,-98.10950917659258,42.37795752457981,-94.1287213039958,0.11023476673951577,0.04969688105582497,0.1751789349395252,0.1078731864224854,-29.52953799469786,,0.5413187791064338,,11.917448,14.907402,3576.218,796.55255,12.601192,16.063679,523.6084,45.22601,11.139932,13.753303,960.3655,195.71489,301.98743,1221.9124,301.98743,1221.9124,162,162,1.2624036,1.4860338,11,0,0.0010252899827550436,0.001456196357070083
6673835611220171904,6673835645579910016,303.7097382035218,-44.073908929698455,303.7222478883343,-44.05769287365122,0.03376040205872038,0.027737299499342855,0.04097505785337291,0.03532261266385864,10.735890001442819,10.618476913612808,212.72513,184.69719,-37.77329650693043,2.3131675888393217,-37.43986844722924,2.219548221870723,0.06928575007740026,0.04580827216219492,0.08163860036904196,0.05668531866024732,-16.55019802424645,-16.626628064168063,0.21647774640683892,0.2758163558061915,8.990417,8.233261,3488.509,2124.1438,9.3010645,8.577884,925.6946,742.6301,8.551011,7.770739,681.4717,533.072,436.9277,442.43085,436.9277,442.43085,200,176,1.1892779,1.186052,5,11,0.018540704098581585,0.020480544129388864
6673855024472432128,6673877255223141120,303.10743161317765,-44.147811475101385,303.1983763933753,-44.189089581473795,0.04302526773757244,0.03002361684663048,0.07551493411674466,0.05894676274150083,11.505985534608282,11.393695593519412,173.60207,99.03338,16.071644974463712,-82.49755672288687,16.180350175272892,-82.22836577148314,0.08602838935127677,0.048682396235400625,0.156983600757525,0.10886404823801608,-27.265381532178026,,1.1808968720184294,,11.542702,16.480492,2052.8293,1049.0676,12.148363,18.051895,694.359,81.524185,10.825834,15.266129,1027.3055,377.77484,209.72911,255.65883,209.72911,255.65883,146,156,1.2441632,1.4761124,2,0,0.07719701561374406,0.09987409629576227
6674162711632598144,6674162711632598272,302.83118355995936,-43.176714932378225,302.8297977822339,-43.17491627650916,0.1723103855020916,0.11699022903555617,0.17052230457367826,0.11516288974433127,5.238136310134644,5.10833857460185,22.030632,22.733902,-9.100829193668739,31.42494259816071,-9.909765232725302,31.517252434334182,0.3000228180196054,0.2109558483108749,0.2709403378725908,0.22347374217749655,,,,,16.124544,17.778175,916.8526,725.9685,17.41399,19.25906,159.78241,25.3183,14.990626,16.590525,320.7697,188.26456,1376.4412,156.16336,1376.4412,156.16336,156,137,1.4341459,1.4594216,0,0,0.0020631172238228333,0.0022705820486452312
6674240609456614528,6674240609456614784,304.1993547715507,-42.615987443141854,304.1989149545987,-42.61504012502105,0.04059105983362675,0.025805006135453876,0.04961411900954225,0.033240826133260334,8.892476626296219,8.709771064101277,206.13406,147.08278,33.28145415645382,1.874188833796218,34.45165841290753,2.8212858781145274,0.08210901896731107,0.04601726195913684,0.09619877652051236,0.05941949725591066,-27.572270654733494,,1.0934689573230187,,12.730523,15.63502,2512.6956,1283.8883,13.496496,16.864784,656.9785,48.49188,11.894842,14.4609585,647.45557,122.47879,278.75302,201.07463,278.75302,201.07463,171,174,1.2818936,1.4923764,8,0,0.0010010855010681192,0.0010444379221670448
6674316063442383104,6674316063442421632,303.81769616405404,-42.114394457452555,303.8176334113442,-42.11740213617647,0.05111093562313228,0.04181025482155424,0.0555493498142004,0.044312551870616536,6.059120596072971,5.933573380933568,85.79087,75.520256,2.4252688956984705,15.143186345759812,2.2669847283585307,15.524745437566477,0.10913487394108576,0.07812853191680785,0.12174643708917011,0.08282967095646128,,,,,16.027102,16.038525,752.27936,1080.8779,17.429482,17.385818,148.60808,134.20557,14.861122,14.893768,365.81638,404.17938,228.57823,249.20471,228.57823,249.20471,186,175,1.4483399,1.4346913,0,0,0.003008038920195989,0.0030083332941846933
6674347090284634368,6674347124644371840,308.8426382797804,-47.745085832525035,308.85249378925835,-47.74160431607056,0.02669417048465162,0.018954607511628464,0.028672439754773658,0.021533965999913193,6.096135560310341,5.982964291919495,168.33293,159.34161,40.0965196740507,-27.894696433935188,40.47478976052492,-26.859803763630445,0.05408214697362398,0.0404472791166569,0.05624395374641659,0.044485889183347165,,,,,14.266681,13.850729,3465.8442,3391.5308,15.249868,14.913362,261.26413,311.94058,13.292634,12.838316,606.02466,415.7796,258.5476,447.16418,258.5476,447.16418,214,229,1.3412553,1.3579202,0,0,0.007486181945624766,0.01045236929567697
6674407460344998400,6674407666503428736,308.37947117784086,-47.579847753332686,308.37834004332416,-47.57966119863205,0.021801572639309662,0.016639577447542755,0.024466672393750926,0.017777310566151536,9.15875112036398,9.227643370357852,333.40094,300.34412,-15.125611721909728,-39.96970829443863,-16.36678865735476,-42.84665648690247,0.04311532420255891,0.03244816399955972,0.04810923799200014,0.03517168481517867,,-8.515584210368427,,2.6142898278687747,13.694102,13.539946,2061.3953,2925.1956,14.705907,14.507175,386.68896,355.84998,12.688246,12.552684,430.56415,448.58743,279.34686,393.7165,279.34686,393.7165,219,228,1.3646078,1.358439,0,6,7.854966183627539E-4,0.0011464152612349738
6674466593453802240,6674466593454892928,308.74081385963154,-46.955849010628064,308.74158514569433,-46.956182735656675,0.07353630816961203,0.06402819224836002,0.021695726415229603,0.018202053035134256,6.286669210554643,6.316868697107116,56.11248,197.5313,39.53085815650709,-52.87194398440254,40.41188962119433,-52.253207985426684,0.13192929269924855,0.13072743612062507,0.04171758451890914,0.03706241278555088,,,,,15.421942,13.834122,759.54114,3263.033,16.646738,14.621694,284.47028,107.62779,14.215875,12.930414,82.24024,217.38985,1050.4479,195.9394,1050.4479,195.9394,231,232,1.5310402,1.3342357,0,0,6.233142320298243E-4,8.403895438244994E-4
6674512596849101568,6674512601144477440,309.91157394256254,-46.810303283820446,309.9098373023843,-46.808179203222544,0.10293846251247776,0.08827081017710728,0.0947143366136078,0.08165925695807706,8.212030048716331,7.929450842755627,58.818417,61.031742,12.415237963206817,22.77406594655481,11.915870273027528,22.74384290459463,0.2107283242142191,0.1763442631578479,0.18591036396274208,0.16247271645522088,,,,,17.738895,17.48985,527.36316,772.49426,19.667297,19.25698,24.102812,38.506336,16.41475,16.20619,221.69598,270.58762,312.55597,339.0378,312.55597,339.0378,247,248,1.5665028,1.533583,0,0,0.0024340309987669726,0.0027436540407090653
6674686147888434944,6674686427060942080,308.46868368864983,-46.21556656185549,308.4398572091421,-46.20507262908646,0.039509745663975436,0.03287702598556786,0.04864691397443681,0.03793916121591761,22.023827473755954,22.0048423075333,466.75037,377.03433,-19.80638696230974,46.13274573956649,-15.014174271217396,44.60532341688017,0.07689677351780314,0.06454231248628128,0.094483069936199,0.07821017828704242,,22.507426184665057,,2.6623099237221917,13.326501,11.247703,1401.7235,1078.4777,14.691257,12.141023,265.69226,546.5175,12.178148,10.345273,494.79526,857.902,928.2377,1226.0973,928.2377,1226.0973,241,230,1.4353652,1.3001409,0,9,0.022540129148861703,0.030677166521242496
6674703396475897216,6674703396475903488,307.7916103727845,-46.467493624651546,307.7997324318187,-46.46389783741752,0.1887294523942344,0.14269640277209092,0.023754799520544077,0.016126804974032613,6.537592095366718,6.372740535771185,25.35709,240.47946,34.10437049480752,5.244358027351172,34.65221746338025,5.232337662314234,0.34059374681010457,0.28043376193854597,0.043882375234120884,0.032906624174737525,,,,,18.579498,13.961876,490.24683,3964.1177,20.052536,14.796284,21.179008,517.3904,17.194172,13.074763,218.14372,760.3867,328.84036,219.0203,328.84036,219.0203,256,242,1.7147862,1.3043951,0,0,0.006650323728564582,0.008882428090786421
6674788544203482624,6674788922160700160,308.7806487117561,-45.98253015434038,308.76025726583475,-45.9801679801049,0.04839504130760835,0.03696304827898935,0.031356795792296624,0.025838122204654562,8.57710016161812,8.441444143812344,128.25125,220.11458,52.12714723044806,-93.77612790738908,51.649223455443845,-93.53808512947478,0.08709166810106606,0.06752026144718287,0.06282397353576111,0.04840065537879782,,-24.047440808653906,,0.3011350828012984,15.1505375,10.985008,2231.3296,2493.5347,16.559288,11.466114,278.05203,791.3264,13.984483,10.383076,545.98883,1072.5305,409.72742,326.30408,409.72742,326.30408,219,232,1.447248,1.2123667,0,12,0.014365405485997516,0.02052780879397548
6674871248092676480,6674871248093860608,309.1272660932388,-45.557137111481566,309.1273354693086,-45.55779961934825,0.04293082566537772,0.04060380004701081,0.05808131470738025,0.045614803707244585,8.342375231302226,8.332216211195199,129.36647,100.644936,25.20340670825473,21.969673158748776,26.711313723189193,17.358697475652853,0.09381553742701151,0.08302074410544907,0.11576770786030181,0.08911041623953998,,,,,8.410284,7.6369762,1983.8992,2269.9692,8.604392,7.7116227,104.63641,69.48016,8.026558,7.3632345,61.2453,80.432396,458.41406,411.0584,458.41406,411.0584,184,182,1.2197624,1.2326378,0,0,6.64286358944871E-4,6.661304020098367E-4
6675029096732265472,6675029195514629504,310.28966368829566,-45.2457963191335,310.2962304535186,-45.244813791144686,0.02410390621552396,0.026173129134311007,0.03323354330315511,0.030479950893104818,5.61436980713672,5.700702994827592,179.22105,140.23259,3.6436681748872948,-6.46780494240263,3.6478263922904683,-5.555612453789529,0.046955369730665775,0.05109802883027106,0.06413795826352882,0.062001181529325156,,-7.481733934700898,,0.25078736328410745,14.590216,9.358435,2413.4385,3135.5845,15.550036,9.600505,348.3308,908.9932,13.628268,9.001718,689.87177,988.6975,246.03214,805.9144,246.03214,805.9144,218,236,1.3361254,1.1783628,0,6,0.004726726435395126,0.006639861952031761
6675203124510931968,6675203128807002240,309.4312063098219,-45.33210116856037,309.4278320180993,-45.334406866913874,0.02689511866972682,0.015653898438585924,0.02157207086658714,0.01524343545476938,6.284685490847411,6.253280874546587,212.38614,248.14432,13.904949553640638,-81.3963211958557,13.678673799722318,-81.58592880555632,0.04988778688016802,0.030762613275912416,0.040792791127995096,0.02931039315619857,10.095553161350814,,2.6348487765695294,,13.463583,13.838524,2929.141,4320.0747,14.238317,14.703137,784.07263,642.0906,12.618051,12.934143,908.2821,1034.3229,204.88771,210.78897,204.88771,210.78897,232,245,1.2873684,1.3105288,10,0,0.0033080121378651997,0.004086818998501084
6675306238085513216,6675306242381997568,309.73930711884145,-44.55421343024786,309.7393508868148,-44.551250526327586,0.07668537283531132,0.05223227694226315,0.05621816061547606,0.03798812535631633,20.542325845815274,20.630902729832382,183.73523,258.75372,-21.926857073281155,-61.09250414524408,-21.23358888707049,-58.43910600771578,0.15397943092969396,0.10870579876981458,0.11211368337657612,0.07866900530056349,,,,,15.6368685,14.472713,1254.9637,1776.7928,17.507849,16.062332,111.51629,174.15712,14.333641,13.25297,548.35205,376.10617,541.04315,588.31537,541.04315,588.31537,186,193,1.5457203,1.4797198,0,0,0.0029630680741348607,0.0029632271725749796
6675306517259908608,6675309300398735232,309.72633534136014,-44.524219012907665,309.5993687788456,-44.52486244634367,0.07958666456411857,0.05748101334334193,0.03586372020619269,0.025528515498116907,10.428797600590883,10.399617917863397,94.581116,222.26245,97.29719483023115,-22.720920980514883,98.56233933696723,-22.519131263359466,0.14331267927440872,0.12102899003489594,0.07541924793634414,0.0518981275121135,,-52.04190816887535,,0.1378866236182918,16.580198,7.049167,1182.061,6425.798,18.254866,7.550293,108.76899,603.8869,15.327371,6.4411445,376.75076,918.61505,347.0431,412.6643,347.0431,412.6643,212,243,1.5074803,1.2079383,0,14,0.09052311033883413,0.12696819288053443
6675429215885061120,6675429215885061248,310.68006350182515,-43.99480039074756,310.6808309541096,-43.9943748279566,0.10280797900028468,0.08069463963121629,0.0438269529057354,0.03498153917860816,18.232688360059562,18.370431364129505,136.57565,322.80243,246.1874857739808,-195.38609574660438,248.7573988033718,-190.49713839362533,0.18216955425948977,0.16340919861695144,0.08139514412721992,0.07171009807018552,,,,,16.719553,14.138784,954.65497,3426.4463,18.493093,15.57575,23.666136,489.4057,15.183787,12.959415,61.34463,512.66766,555.0682,678.42584,555.0682,678.42584,236,235,1.8959337,1.4574944,0,0,6.970856492626113E-4,8.77545838081202E-4
6675608535064963840,6675608539359826944,308.22354617902624,-45.505400400867316,308.2270789698313,-45.50568274785148,0.02978175355504757,0.026579992058629695,0.04789557036932472,0.027415915961225445,12.559582237236977,12.552762027221835,284.62283,248.45764,-12.34597573713622,10.996682544715702,-12.00922159157318,11.700681435666205,0.059533309259222685,0.05177734955821146,0.09545889932664203,0.057878605927112005,-0.30489407913352196,0.3158794789047903,1.0444447487678963,1.2988501483571493,12.278862,10.939176,3407.8896,1642.366,13.146347,11.513379,627.1787,750.03595,11.380172,10.257607,826.15826,931.40814,254.7833,378.56085,254.7833,378.56085,182,168,1.3045328,1.2301289,9,5,0.0024919690979429963,0.003544055684090864
6675621974017542528,6675621974017543040,308.12033154646696,-45.39018968461194,308.11498673817914,-45.39128398886015,0.03472716143849667,0.026736594896035287,0.03609622024135593,0.02567665909938832,10.363736965759372,10.381158694910757,267.85028,249.46011,-5.0853854412683654,21.866545797627666,-4.479177356764567,21.691135057001294,0.06079581355482839,0.05614574918122311,0.07088984049877366,0.05395622966048063,-0.6387730548808861,-1.899376831707908,0.6918261529254937,0.21948473542157934,11.953178,8.779431,2072.8052,4918.0103,12.638021,9.049263,430.81284,724.26,11.175087,8.390961,689.46136,762.22266,357.99994,494.15503,357.99994,494.15503,236,209,1.2624711,1.1811126,14,5,0.003909754343292422,0.005455683038920544
6675727973810659456,6675727973810659712,308.18534863135994,-44.58389064119309,308.1850807329125,-44.581239384005855,0.027105972117284657,0.02162138107352508,0.02551435962178555,0.01916232442373875,7.015805424683457,6.947395982202482,190.91806,209.08641,13.291494420012853,-96.5929735245216,12.784340691687067,-97.16984802978129,0.054155595352565526,0.04321164641620493,0.051002334547435885,0.03825395325715932,,-16.52656784135445,,1.0447305936983808,14.510563,12.860925,3462.1123,2720.9348,15.698652,13.618781,561.05927,635.89166,13.435133,12.032425,854.8489,1262.0964,478.42715,427.57425,478.42715,427.57425,287,284,1.392535,1.278548,0,12,0.00265811443112076,0.0026647578222072513
6675782846311244800,6675782846312879744,306.9767326379128,-45.20823064991927,306.97676203991693,-45.20747362711296,0.05935043548082072,0.03933006788415434,0.023528975078117915,0.015573853942761135,9.986065805001374,9.970165345798932,121.24334,318.2629,-60.74632117238333,-122.19443665490269,-60.162754440032266,-123.3123279484173,0.11060357678193544,0.07997360278934086,0.04535045620830484,0.031805212992072514,,-19.884695181300437,,1.635744644603494,15.80477,13.344465,1235.4517,3459.3083,16.97641,14.381401,30.087194,533.57385,14.485881,12.332546,174.02217,508.9638,587.627,433.55573,587.627,433.55573,283,283,1.6846184,1.3640262,0,4,7.573061680439391E-4,7.575935632802581E-4
6676099883618485120,6676100257280009600,308.57197060924057,-44.352585989702455,308.5754102555455,-44.347535155889055,0.035162004494007054,0.022707949825398924,0.12360931127032451,0.08917044227822157,6.222129915292057,6.353292383442538,143.0619,38.95113,-17.300402637025737,20.55298019014435,-18.045061335118234,19.808609695618223,0.0738794494903518,0.04758678352017766,0.2651718700645364,0.20002360869063285,50.78050709285512,,13.212818893019062,,11.505471,17.728289,932.45526,717.9202,12.016864,19.479044,442.7098,20.40962,10.871544,16.41309,610.24725,190.05492,409.2823,253.85385,409.2823,253.85385,218,218,1.2215974,1.5767316,10,0,0.005617891228399936,0.006110817368689223
6676511715147702784,6676511719442304768,309.5681401533342,-42.48602248519513,309.5704835478077,-42.4860334744082,0.15613594249706675,0.10486648214760713,0.032395722191915215,0.02260589430437741,5.128095140546484,5.261556889029338,23.575077,122.93856,11.228412979746217,-22.187671014107046,11.656175765708822,-22.865309956016695,0.257492813188114,0.21256851778616004,0.06034221812870863,0.04702809983438423,,-8.13015238259646,,0.8267905547641617,17.821741,12.333293,613.05286,3775.1672,19.217813,12.823142,20.559126,621.85675,16.521694,11.7111,107.165565,1090.632,380.61572,298.69357,380.61572,298.69357,243,248,1.613384,1.2225611,0,12,0.0017281525946730148,0.002343420240040028
6676579717364788992,6676579786084267008,309.3487584851744,-42.03924657376219,309.34296992384714,-42.03814938352562,0.05864747530243181,0.043372742256966454,0.03191814594785775,0.023486481010818162,10.437705267713477,10.56302143650809,121.95996,238.716,-55.26644976090596,-104.38482011192684,-58.26283166660892,-104.1551847906155,0.11678805203178319,0.08413780602032843,0.06487729647565804,0.045995872694745976,57.21718187572894,58.050685894759994,0.4236861218288703,0.5529363485380683,9.886206,12.39614,3977.7273,2132.137,10.257521,13.176343,1008.1654,383.269,9.376647,11.55225,688.1224,873.5979,1130.4072,357.6526,1130.4072,357.6526,238,228,1.201968,1.2841605,7,12,0.004436922296813785,0.005891626995567049
6676660050434362368,6676660050434363008,311.79711576276463,-44.38030581752045,311.79834836334516,-44.37156067466409,0.13303223717741208,0.10430865947702407,0.08388713383115354,0.06414655092479886,5.410074101252723,5.210208847068473,31.822088,49.13581,13.912190299948687,-62.67668479804825,13.674949686673234,-62.43390302127378,0.2482230029380645,0.2150285228774168,0.16120043799914818,0.13356821843441496,,,,,17.740597,17.087482,1036.4755,1310.4296,19.327202,18.579979,35.104935,65.106544,16.50257,15.895766,328.17178,399.33865,308.02286,261.6707,308.02286,261.6707,227,227,1.502441,1.462199,0,0,0.008789409687239826,0.00883158127230293
6676695234806426752,6676695234806427520,312.18390979304957,-43.982789106319814,312.1816982904083,-43.97980060554028,0.0339112904556088,0.028615164578196118,0.020092909078852715,0.016591013710151915,10.018375390577395,10.094877199071279,237.34651,415.9213,7.186562141882561,22.6916874630189,7.32212792981704,22.08053671594197,0.061773321082394035,0.0549401207319697,0.03721652265154073,0.03258607553936268,-3.1653777470433226,,0.2531829167679795,,7.5657063,13.67703,5491.8447,4254.8237,7.7991815,14.696759,1276.5961,620.20245,7.228189,12.673076,1216.0662,1378.0037,533.77045,273.46875,533.77045,273.46875,239,237,1.1726527,1.360624,16,0,0.003385771226233511,0.0037177790200136553
6676794912407038848,6676794912407039360,313.09888971258414,-43.177239258229946,313.0999089837975,-43.17179356045289,0.031169439838267237,0.028636724186829107,0.04102050082668552,0.02652742298410365,5.610173106994707,5.539476147491302,132.83508,115.00128,26.147614741920833,-5.500595904906396,25.76432820941246,-4.848999062417983,0.06180770598241588,0.05404689973208716,0.07824830214188139,0.05119623660529697,,-26.371432984917092,,0.42236695081554515,14.958189,9.250855,2038.078,7394.654,16.072512,9.780399,290.4163,1356.1892,13.904882,8.607063,500.1065,1020.5138,333.4061,284.48273,333.4061,284.48273,247,243,1.386655,1.2209805,0,6,0.0054961949842681984,0.005540265163816243
6676946748090473984,6676946748090474368,311.01495530010345,-43.45267633107569,311.0123873070906,-43.452695621587786,0.16479991621345588,0.13716363798853373,0.06433152578542334,0.0512473043542496,9.815353923854651,9.641803233359603,43.224426,114.96011,38.89917438323302,-13.618752741540327,38.266127432068515,-11.889510923642176,0.30449668767576354,0.27800286358012216,0.11295233545776574,0.10557029512736073,,,,,15.029691,16.136017,1732.643,1027.5006,16.628475,17.776981,193.4626,76.32631,13.790204,14.88244,509.7901,314.68414,8501.817,453.22455,8501.817,453.22455,229,220,1.5023358,1.5133551,0,0,0.0018643152180743809,0.0025680654660573737
6677266568535484032,6677266568535484160,313.88443907402063,-42.240110419414364,313.88274426845146,-42.23977414709906,0.04870208339770023,0.03901586813876525,0.04145970183840106,0.03328385194032358,7.438353648864686,7.445301215064345,112.15638,132.22787,-68.8260032064167,-17.78255495254084,-70.53412253351499,-15.957591825568795,0.089476465222426,0.0777842074092636,0.07665703542826782,0.06628611705185733,,,,,15.926157,15.046724,1611.7655,2839.125,17.369015,16.40202,183.20576,264.44742,14.739433,13.895633,689.92053,752.2612,345.471,541.0919,345.471,541.0919,270,270,1.4650179,1.4402894,0,0,0.0012990057548528525,0.0017278440286488518
6677312610584489216,6677313366496784768,314.0099226449987,-42.23140057946828,314.0131087929877,-42.22317109738171,0.034233702629643085,0.031458690487010256,0.022995572923707176,0.021742935916733496,11.387903161568245,11.324759417052071,238.60818,381.713,10.095599940526586,-69.2902803927449,8.512510105680658,-68.42633842704043,0.06610965912104075,0.06141222969614345,0.04530199707187511,0.042902214551017885,,16.290245127771666,,0.3203722164536499,13.663419,10.46798,3194.8325,3887.0212,14.873224,10.9475,635.94196,1301.0283,12.573927,9.861604,884.4006,1720.6556,716.10736,337.38638,716.10736,337.38638,236,272,1.4026281,1.2160965,0,12,0.008560995362366777,0.008824733107623725
6677364734307629568,6677364734307629696,314.00748908007006,-41.95233435776402,314.0031577409747,-41.95093858788378,0.05693243117525976,0.0494936467560935,0.11759979590056846,0.10401290695892039,5.329572259135137,5.240867840792313,75.0796,34.59648,9.570119703595044,-27.364087451762213,10.408920498513268,-27.769197364766093,0.09761780816081114,0.09767003199959538,0.2008316624999318,0.20390732536200878,,,,,15.746122,17.53111,743.6201,820.1111,17.10344,19.204603,130.41397,46.010548,14.589402,16.254398,318.11328,317.48282,445.34857,332.79376,445.34857,332.79376,233,231,1.4462911,1.5376908,0,0,0.0035106514210382325,0.004550678182157761
6677366452294529536,6677366452294529664,313.81671846803863,-41.98472595601965,313.8170335222016,-41.98283898371904,0.016551475670165974,0.014538857329802186,0.048902964659420206,0.04107193444131521,6.6115515158340195,6.4953638076339,279.25092,91.346695,85.13288541445581,-96.20291385170177,85.14119415264405,-95.64814514028069,0.032562780377777004,0.029586890897061534,0.08667843662257421,0.08423098625274268,,,,,13.472747,15.98076,4982.0317,1683.4541,14.211064,17.18703,872.4542,178.24593,12.649014,14.889114,1413.6,706.6862,213.30583,359.54276,213.30583,359.54276,265,263,1.2811686,1.4057188,0,0,0.0019014493599548651,0.0019130926764991832
6677688712280856576,6677688712280856704,313.9099010704188,-40.65731026734775,313.9073582336402,-40.65923286580106,0.0772571295965738,0.06237577067612911,0.1716592502721192,0.16600297215175014,5.091700887026334,5.031940481737302,49.25424,21.984259,-31.703843250950243,-59.384919033417845,-32.27507047840393,-58.77846238961931,0.13288499900547532,0.12387025495336805,0.30554337832333506,0.30631661871072136,,22.20986840628853,,0.7136220569261499,16.805012,12.121607,1331.358,4085.1345,18.189056,12.587644,87.097595,1165.4724,15.6335335,11.503887,391.06995,1599.2185,315.32455,12568.871,315.32455,12568.871,238,219,1.4581019,1.2298081,0,14,0.002723508611904504,0.0031878525209511383
6677814984318767616,6677815087397981824,310.2252965136796,-42.39398295931848,310.23184267981355,-42.396650970988695,0.03432148739995045,0.02476527763881262,0.03844866170004057,0.022715461029957734,6.612032606397288,6.57183472685341,132.11908,139.19969,11.424792011895702,9.671512991887916,11.98639234823802,8.961673655676542,0.07557016838519436,0.04842934108388023,0.07819025310327811,0.04965056077749025,13.37488097544717,14.309360281641766,0.4938541928735183,0.14079164052474122,10.269632,6.0213118,1604.3762,2212.1506,10.582931,6.5049586,1007.7738,462.055,9.825142,5.4287257,1030.4607,633.9709,413.55905,725.6993,413.55905,725.6993,218,271,1.1909326,1.2049097,6,15,0.005521759383554846,0.007068987008448172
6677818003680337792,6677818007975650944,310.71420198337165,-42.5687639225325,310.71732660888387,-42.576828327715226,0.05171396595594943,0.0407045907740656,0.08118400796960859,0.05871225114420165,11.157397104376841,11.025603762966615,154.24574,108.76272,-31.493865063931374,-43.68719112635325,-30.991711466029145,-43.27483891382539,0.10494916748809151,0.08163435563748425,0.16086968590841183,0.1154883817732449,,,,,15.622836,16.535048,1496.9705,924.77637,17.204437,18.30361,136.61894,53.56577,14.397813,15.254886,550.2185,317.9991,535.3402,429.36752,535.3402,429.36752,255,230,1.4873624,1.528924,0,0,0.008386261243982916,0.008648578816361068
6677841235158868352,6677841613115988864,310.4547187500947,-42.20206392080521,310.47284456354095,-42.19051097086793,0.027465725064227595,0.02330980078935586,0.019819737459027736,0.016052972968700386,7.2571263472364125,7.400128464796624,190.37476,265.4529,0.3534799677971616,-33.32489857457452,-0.07008516345904958,-33.34566668104615,0.05652491610607753,0.045455327335364525,0.04008573195158121,0.03178867943169253,-7.187194407613968,-6.440358812481914,0.32247368759303785,2.8253956910022855,10.41347,13.759743,1368.6571,2080.071,10.765434,14.713811,408.92636,362.9038,9.929772,12.8023205,554.8167,548.66455,383.60095,247.82553,383.60095,247.82553,208,219,1.1953019,1.3334379,6,8,0.017714248084224157,0.021494551992117653
6678116761604385536,6678116765900995840,310.217152554238,-41.26247755065946,310.21650610094764,-41.262712517498144,0.04756070605082838,0.03729749862253141,0.06358103019333189,0.05026330442814161,7.385274854171311,7.506097386546296,102.66958,75.986084,7.838362768894234,18.075389307480087,7.980754883047547,17.16935013211334,0.09835120134040812,0.07317936688468449,0.13077974525772013,0.09763320787764279,,,,,15.210032,15.250815,1868.22,1287.8905,16.411528,16.481329,188.1354,23.755352,14.013251,13.963818,52.812305,21.862648,571.4693,1012.21155,571.4693,1012.21155,238,238,1.5251703,1.6299139,0,0,5.397618277601977E-4,6.87830845408257E-4
6678132223486460032,6678132296502786176,309.99193621359296,-41.1432710158222,309.98441884261405,-41.13763261509217,0.030066118544767616,0.022570881382481253,0.02094969309662246,0.01568980602814519,6.566582741763262,6.620278531697111,150.00754,207.85124,34.602758956618274,-115.04263614300805,34.457616566258935,-114.4703822621695,0.061957950290377775,0.04535589872911572,0.04382113463333148,0.03171425064385026,-69.42989200064729,,0.6751463089090656,,11.898018,13.947266,4695.771,3721.8108,12.422998,14.903535,892.4776,448.34573,11.241374,12.987515,927.39514,750.9328,314.44656,261.16803,314.44656,261.16803,239,245,1.232054,1.335029,13,0,0.00799012927772117,0.009396937225875432
6678160913868029824,6678166724960514560,310.6020665732981,-41.228435950938774,310.6253455454361,-41.22606575982001,0.11684091846100683,0.10525101925788816,0.03385216038629307,0.023305812008793923,8.587698707764197,8.757463942177981,53.790394,188.48979,13.101200374575358,31.213789503528446,14.661162852809204,30.507505539264933,0.22719614568917063,0.21205411394325108,0.0683149123391463,0.045681718162420344,1.1398401026912026,-1.0708595769476723,1.4753715260672382,0.3010747489780397,12.042233,10.039095,4302.6665,3507.8196,12.762306,10.355829,770.1692,1395.9712,11.232202,9.590585,895.0783,932.0891,7086.982,434.36252,7086.982,434.36252,232,226,1.2760552,1.1915759,9,7,0.01766785635126168,0.02339932370267666
6678195862018643712,6678195930738120832,310.93038188083267,-40.872517869076056,310.9309139705963,-40.87008984294446,0.13152863021503003,0.10390745082073144,0.655059323257632,0.4996736884939018,19.883340210556,18.640883655847208,115.04924,21.669127,8.759481750398747,15.514773823900505,4.593843911208427,12.67695069763489,0.22586556220644313,0.21335942391962867,1.1139562075988165,1.0094071316485382,,,,,15.074719,13.814704,1734.563,1234.5734,16.804237,15.323426,240.3798,318.88785,13.799384,12.600843,688.3794,693.9894,4961.872,204281.39,4961.872,204281.39,263,251,1.5280464,1.4857558,0,0,0.002461138254878647,0.0024856448684936736
6678344807187744128,6678344811485727744,312.5117921155551,-40.70207244468289,312.51445970951784,-40.70215209632832,0.03023000169166907,0.023609149490003638,0.07343256108019616,0.06426964414455413,7.458585107249352,7.323996542924493,183.28423,63.914047,1.2865941366411406,-14.028948074558931,0.6560112716817059,-14.409431297072736,0.06023170260162236,0.045064116986022425,0.14424971588596178,0.12488663289920646,25.560069171890788,,0.4852343130102555,,10.924049,16.300465,3737.2498,1174.4954,11.349547,17.741964,1060.0283,52.810623,10.368819,15.059957,1713.7842,150.29861,373.54752,414.91122,373.54752,414.91122,213,191,1.2058792,1.529801,5,0,0.002023898421661578,0.0026687828563822704
6678395453443352448,6678395457740071168,312.2201037510278,-40.61974906990637,312.22000528272986,-40.618639472743936,0.03062206430833396,0.025564420427701094,0.04067552025854876,0.03367904513358601,6.299897264229917,6.140400870035686,149.9439,109.58399,-32.04382508910338,45.303178750396114,-32.06230365216445,44.26301032865207,0.05952402794265137,0.05199421293380185,0.07765317953224757,0.06641264342775921,,,,,14.960758,15.536488,3334.9817,2803.1277,15.978995,16.651714,388.92947,342.3417,13.960358,14.477075,781.6343,682.83655,299.6454,366.60944,299.6454,366.60944,248,264,1.3575097,1.392775,0,0,0.0011121116541860415,0.0011139577499079938
6678416966935433856,6678417001295171840,312.9206583152154,-40.90605270866963,312.9321560865517,-40.908163747057635,0.0329680124475812,0.025582932829829704,0.03245975803775049,0.02531507913861127,5.248894687923284,5.274805599806165,117.300125,114.28141,17.779560203479278,-10.840633036990862,17.503504141844438,-10.738569689661384,0.06227454308556959,0.0500985648822442,0.06440733398895504,0.05035872711760685,-31.000018779806616,-30.132937227771144,0.14080901676549193,0.34979247316235734,7.0059533,9.872048,6219.7256,3851.3938,7.5314975,10.148193,1171.4995,967.69507,6.3793693,9.477335,1072.4644,1453.302,486.49094,552.30164,486.49094,552.30164,256,231,1.2105212,1.1813103,16,7,0.0089424440399907,0.011689962736340907
6678462699747370496,6678462699747371776,313.5023210766838,-40.251830425038165,313.4957262018114,-40.25319644846252,0.03990262915077282,0.030950823485012997,0.030252917898651744,0.022959051295563113,7.275258476042375,7.169873156391294,113.66788,162.46376,42.622775795877416,-18.490492482795,42.684111458924164,-18.61986830471214,0.08674427807778068,0.06423852324881595,0.0631116465906028,0.04567641841624096,,-43.38496305833844,,0.6685400249302631,15.552227,11.955401,2284.5488,4747.264,16.787703,12.466706,248.93646,1103.3541,14.445345,11.312048,763.0671,1477.8463,279.11835,244.78061,279.11835,244.78061,231,240,1.415769,1.2282951,0,14,0.0052153122303829815,0.006734864109881171
6678607663484024960,6678607766563240192,312.0089892825474,-40.17649684405938,312.00973086826343,-40.17656738132818,0.06881218197951292,0.05876577495027743,0.09897087054421035,0.08480509117638917,6.161589965810148,6.175595539959202,71.50997,47.621723,-33.854246224138976,-17.30328081187211,-32.69745887817943,-17.55499548422395,0.1252575340633044,0.11882725619458596,0.18213821646987244,0.16679554792879436,,,,,16.692066,17.234938,1588.8551,1248.0255,18.159775,18.744997,106.23586,99.64671,15.468505,15.952251,244.91162,118.62673,289.82202,364.38885,289.82202,364.38885,238,236,1.504485,1.5708084,0,0,5.709898968197424E-4,7.449328026643915E-4
6678614737293240064,6678614741590171904,311.6462939156162,-40.214315066668966,311.6391555237819,-40.214800539014895,0.15715748599109694,0.12794960041767822,0.12272909441525118,0.10433257575177565,5.385798485227369,5.23620933160406,26.192596,31.22528,-10.305928739646939,21.889750218498413,-9.968210674171802,21.402969320679276,0.2819755932879878,0.31700032432356046,0.22531522508621357,0.20594361406356493,,,,,17.993113,17.927982,940.9151,1016.7774,19.738707,19.444145,35.282345,34.258106,16.692394,16.700708,283.86487,304.45273,343.0348,342.13037,343.0348,342.13037,222,240,1.5584769,1.500708,0,0,0.005472679720035745,0.007154880947905896
6678632849169833856,6678632849172189184,311.0093993671318,-40.414874705786886,311.009671126358,-40.41478179242721,0.16892406816024147,0.1307975687086866,0.11328051132763904,0.1451261674752452,5.571672887106797,6.7183893894751305,20.749352,27.084671,63.42839398863907,3.603937578862325,63.47837174908566,2.2294143644057414,0.3510512101334481,0.24272757467812178,0.26259723510010335,0.20171118414494327,,,,,16.618507,16.98214,233.8157,502.65176,17.43216,17.490917,55.916237,33.70016,15.010129,14.956309,103.20374,66.37392,1943.8243,285.6137,1943.8243,285.6137,218,123,2.2205508,3.2115455,0,0,2.2681362730545704E-4,2.872037072235596E-4
6678725689185255168,6678725689185255296,312.2116307150348,-39.714475847162895,312.21244318394946,-39.71322126292569,0.10686077137505405,0.07388816470274841,0.10251991606654427,0.07601643083547209,11.428513788980803,11.558366068312617,73.02663,74.21068,67.37595446655106,-58.72911252044331,66.13776418941525,-62.39000588333677,0.2357166292142529,0.14897392938122261,0.22221382861964914,0.15415053130294024,,,,,15.718547,17.185919,2007.4148,1167.1405,17.382828,19.19106,200.95505,54.69383,14.457789,15.833785,733.6489,435.47342,1632.1251,393.1916,1632.1251,393.1916,239,237,1.5188867,1.5956967,0,0,0.001401638795802633,0.0014946863702878608
6678784753575586432,6678784753575587072,311.95325413709764,-39.342638691727764,311.95243667039557,-39.342012064795334,0.040513959552304815,0.03187508932523908,0.09375267292981251,0.0818944595164434,7.484784284010471,7.250227688326824,131.48708,51.77583,103.08316198654109,-16.428192190442942,103.4702823186046,-16.84353563438994,0.0807851387248143,0.059683740685492655,0.19074261074068105,0.15377147734570495,,,,,15.135043,17.432758,2832.3289,1255.8013,16.34525,18.997688,413.1711,34.364723,14.042797,16.142284,621.98706,168.17093,327.35327,248.29677,327.35327,248.29677,216,216,1.4054911,1.57181,0,0,8.901380076541351E-4,0.001030006369614413
6678870511184797568,6678870515480073344,305.94838927568924,-44.396470149224974,305.9472999034821,-44.39612076462238,0.03632260421510183,0.022825169167069708,0.09363222065209435,0.09930713900071843,7.164668923178826,7.305134339547721,160.73029,52.20744,31.17480516374816,-27.63114040555859,32.6325620815224,-27.33676898184445,0.07417510800169438,0.04860290641727975,0.18447416873835165,0.220160345594627,-37.32236860724337,,0.6266456554769959,,9.873818,12.975136,4192.325,259.1046,10.179384,13.532602,1188.3584,21.3233,9.43586,12.073463,1502.7104,279.875,754.484,794.4251,754.484,794.4251,338,103,1.1910115,1.4161967,12,0,8.5319325725483E-4,0.0011440285862971348
6678935455387538048,6678935833344659968,305.8143659926575,-44.12632855334567,305.8156933290658,-44.12524025095032,0.034292952984081644,0.020764940792899925,0.033311240881288624,0.019371505471616826,6.119091166500146,6.182243520600553,134.58173,141.29387,51.639988269664116,-41.406774750450985,51.542953902770265,-40.69633697080662,0.07113620702404119,0.04128999229977813,0.06964422259665193,0.0396599589075606,-20.559800459267493,-20.77697360612073,0.9079131287033159,0.7235540921958842,11.628876,11.662889,2434.1248,2281.0623,12.011959,12.050387,1189.6849,1161.1327,11.09934,11.129808,1656.3802,2146.9592,745.4393,871.76544,745.4393,871.76544,321,338,1.2090027,1.2091807,14,14,0.0014464406923739605,0.0017164568286526405
6679307846231740032,6679308018030433536,306.99998195013353,-42.62013121190249,306.9865903270294,-42.620665931726506,0.05187213741360486,0.025618953722761666,0.04925920049396501,0.02447486401373064,9.532157423489533,9.522354313927162,153.12813,167.03278,94.66214525579935,-122.85805625752643,93.79587425356543,-122.5109954954971,0.08224687551745208,0.05684532155881964,0.07753944199865903,0.055047954748536035,,-62.190370426392946,,0.23154019236049386,8.0480385,8.568757,3680.5383,4557.8115,8.329249,8.8449135,1028.4531,1284.1104,7.6473055,8.17055,761.31134,563.93286,552.6648,646.23236,552.6648,646.23236,332,340,1.1820706,1.1832789,0,8,0.00986880393864707,0.013402294380215035
6679361138186074240,6679362959252072832,306.1892707269708,-42.39311830430179,305.9979259424338,-42.407072286303986,0.14410360477041342,0.0668810158856473,0.05302387785111693,0.03418893553694006,10.217785980664123,10.058794642959766,56.91774,142.70183,-2.9606227666227563,24.697641048715695,-3.442415912605748,25.019973788721114,0.1934587168566245,0.1476750225327562,0.09464328355014,0.07015512874612438,,,,,17.269178,14.847671,969.0211,1564.7802,19.216064,14.65021,26.79772,171.94406,15.960926,15.072494,264.2221,346.32812,383.43207,488.25925,383.43207,488.25925,266,233,1.5434479,1.2257453,0,0,0.14198667170349916,0.19185291288697093
6679429892021940480,6679429995101155712,307.9117556250873,-42.86164252961799,307.9164328350014,-42.854890901926204,0.026749724623852066,0.01852885969571529,0.05241960984688067,0.03548030640135096,6.787569175525397,6.802802291112957,182.46802,90.73703,20.9331439670681,-24.835656252179383,21.285848936468913,-24.776866860003558,0.053857151992973536,0.037747120276415726,0.10562229514029656,0.07370801568115583,,,,,14.59517,15.717704,3915.5002,2011.3148,15.60618,16.94988,499.0746,222.1975,13.602432,14.620709,706.7415,702.12445,268.67807,389.44354,268.67807,389.44354,268,257,1.351898,1.4057797,0,0,0.0075722918272980696,0.008213450497122778
6679491808270575488,6679491808270576000,307.4183461622973,-42.64201191295125,307.41831947476373,-42.64091414888135,0.0849513002457388,0.061166646231817584,0.05566442871088396,0.0393275768157669,21.36763588412058,21.386621009835576,171.16547,271.57535,9.332535130554461,-110.97675561180766,9.15548557145502,-106.04789117376605,0.16938266885877057,0.1252880479332911,0.11059210497678709,0.08161985344179694,,,,,16.499504,14.370598,1185.5248,2464.6567,18.991943,16.164093,30.166735,206.48483,15.031125,13.084008,173.51988,774.4207,758.27924,1699.9329,758.27924,1699.9329,296,308,1.721132,1.533886,0,0,0.0010979395932598386,0.0010980884197575277
6679498370980597760,6679498370980598016,307.5087999360996,-42.55271582809728,307.50672391541815,-42.55463876691739,0.05978666172825015,0.04493679332441156,0.058771907217352246,0.04207558276708101,5.4241602071496064,5.689131396855871,62.59217,67.25856,32.116461367898104,-14.687633221038453,31.769503403089722,-14.404364781304505,0.12355160781804217,0.09085499662081546,0.12166615881826619,0.08593492855708618,,,,,16.19359,16.176971,1586.2114,1381.3331,17.692188,17.587759,119.60315,124.99703,14.994925,15.013332,540.5411,398.88043,558.2971,529.9538,558.2971,529.9538,300,301,1.4693596,1.444101,0,0,0.0024569120066308793,0.0028297624592332404
6679514898014903936,6679526717764907904,307.8697519594976,-42.28692011937813,307.84284874969114,-42.263262549221366,0.06745083221603092,0.055843402863416734,0.02364115222869317,0.018975820296654265,5.21076286090653,5.131154154411835,52.53043,162.96463,1.0884696418273339,-9.49537365175296,1.6029730886500142,-9.004345221786036,0.13807658713781457,0.11186981015362166,0.04777583195905676,0.037157891227060216,,-5.793439294839757,,0.7251314030226321,17.140934,12.531588,1189.0244,3115.3816,18.6013,13.0437565,74.17693,1007.10657,15.953805,11.88475,484.57254,1426.0503,394.68387,470.43158,394.68387,470.43158,311,331,1.4623876,1.2304071,0,5,0.030918314683656776,0.03582545636292753
6679814240055716864,6679814240055717120,307.1250418322734,-41.26885377296519,307.1211307786516,-41.27131910280626,0.03006407587673718,0.023776147399400448,0.05949440049216046,0.04781771405058857,7.77991422438285,7.736408657175923,200.97452,90.13409,1.2568840417956402,-54.45649230104007,0.7806685092064249,-54.95049296771883,0.06142074648502937,0.0486143673947447,0.12104962907242553,0.10167698429368682,,,,,11.472057,16.373545,518.183,1613.4398,12.010328,17.919512,190.88261,117.09938,10.812373,15.155495,266.3391,448.81284,839.1917,516.737,839.1917,516.737,352,366,1.2287414,1.4846334,0,0,0.0038365337346226804,0.004623223081109483
6679924740974286848,6679924809693763968,307.5549301333422,-40.86321473595341,307.554605549623,-40.86224042274998,0.0250100971752623,0.01812952131543999,0.05289715052307092,0.03741369273566912,11.809582485341428,11.897283416526543,386.20132,178.45514,28.20168212870031,-55.98087021016073,27.81705442487654,-58.84166956537636,0.048116303363967376,0.03816310050250018,0.09877854695783421,0.07853812374162365,4.585552362837026,,1.1447183937288463,,13.15356,15.770727,3917.1372,1772.5404,14.185557,17.286871,488.26297,96.446205,12.153788,14.533162,1177.2941,233.84978,764.65765,717.93225,764.65765,717.93225,394,375,1.3532761,1.5132738,14,0,0.0010047609910490047,0.0010269570629731235
6679930612192657920,6679930616489650176,307.96965680102375,-40.901126716457334,307.9702350135578,-40.90220227022259,0.03651232739270293,0.022763958572819747,0.04061180466694407,0.028457005333157703,24.167090202226632,24.099891551859848,519.6315,479.57016,87.2441433212868,-114.69835394918508,87.22815188548464,-120.07461237018421,0.06914671879093669,0.04679989014992746,0.07693949454553344,0.0576609036048643,,-21.541211088343594,,0.17382497263418845,8.169836,8.149481,2229.3938,2934.2993,8.559611,8.534416,459.32086,1218.8005,7.6619062,7.6386724,477.5332,954.0144,466.0996,521.285,466.0996,521.285,305,309,1.1921672,1.1962596,0,16,0.001160953790056129,0.001221124742387367
6679953053397427584,6679954530867624832,307.7261487998479,-40.545019892555196,307.728456530357,-40.54400203185106,0.0843675116132555,0.05779117810021273,0.054583239926190345,0.03789084649864731,10.548225020361786,10.563456878525615,99.57254,159.29666,38.51724773570678,6.429342644127935,38.7977732100762,6.261034428109891,0.15303318524566434,0.12462125960204055,0.0988762312204616,0.08185608591279914,,,,,16.874609,15.860092,1248.577,2001.1692,18.614672,17.370798,48.984123,132.51773,15.565343,14.649945,414.7472,585.4995,573.43,586.24713,573.43,586.24713,364,362,1.5703808,1.4809729,0,0,0.0020276387471466818,0.002522233239718027
6680065272304729856,6680068188590779904,304.7858148083439,-42.32512091607652,304.7631027679914,-42.31839988718938,0.06944947069092948,0.059672632981791165,0.11184778724077184,0.10144045410243634,6.829175061190708,6.332898450031055,62.929523,36.014473,18.863244341132045,-20.36681267773738,19.6452703730925,-20.395848162296396,0.14706981067258976,0.10330190884263574,0.22990718837606808,0.18735751626150196,,,,,16.163242,17.776585,1050.2765,540.6473,17.73794,17.728449,68.085846,91.051216,14.925652,17.776068,458.5523,70.05857,382.78445,152.90958,382.78445,152.90958,176,164,1.50378,1.1926278,0,0,0.018087781289733235,0.023685628686488172
6680099975640550784,6680099975640550912,305.2219904116052,-41.995333348507906,305.22135466320947,-41.99447660600128,0.04522961191031424,0.03308121680281407,0.035664176096283175,0.025442684347884825,14.10823831675069,14.07250243632898,233.09074,294.79413,59.634800422644865,31.93182198231827,58.40093162255191,32.04358894034702,0.07972100758507704,0.06455899857954565,0.06392072491707665,0.050052906939436315,,46.67785257747706,,2.3016651995129442,14.33266,13.820037,1703.4894,2172.8135,15.67761,15.077339,100.87324,366.58307,13.176909,12.713386,485.64795,676.87067,377.15833,283.0681,377.15833,283.0681,175,172,1.4475929,1.4108411,0,5,9.78394310769195E-4,0.0010668569469834534
6680442404792795520,6680443160707042048,305.46012327211986,-40.97177266088404,305.4563215925155,-40.95804513398033,0.04759581658944592,0.03851849031348422,0.055623359787164324,0.04321543598756582,7.981476379634882,7.925294509821807,127.55222,108.581505,-19.89038926652243,-38.35660707781551,-19.797779229648974,-36.65135747408044,0.10160152182827563,0.07606061267617992,0.10500089491956555,0.08581344076387064,,,,,14.906524,15.352632,1871.9808,1682.7927,16.187855,16.741928,261.8514,196.20447,13.784762,14.186978,619.91125,767.69934,361.06754,413.646,361.06754,413.646,168,185,1.4223446,1.4504074,0,0,0.014024473669262912,0.014244218571278222
6680597397275410560,6680597431636902528,306.907315931164,-40.638145127218216,306.9080862236741,-40.6354221377691,0.03517830325987266,0.022035505008466395,0.017642072648356658,0.011596595413886574,6.411601419273234,6.527208005278953,127.50205,274.55185,19.90971601275912,-57.43634553699637,19.18975094531165,-57.07643954782029,0.0711323845031572,0.04406473625100758,0.03586338772829456,0.023611589401090687,-37.00633230059766,,0.4148593114282727,,8.622218,13.147651,3955.085,1106.1925,8.89095,13.866376,1038.9917,130.6031,8.240388,12.309456,842.42017,337.57224,694.2707,356.9249,694.2707,356.9249,296,309,1.1779767,1.300131,6,0,0.0027850237788809825,0.002829844888169804
6680723673610787328,6680723673610787584,307.5548786315505,-40.22731589287308,307.55409003031997,-40.226434454978296,0.055549966991329615,0.03294837022964848,0.05481809507302249,0.03521851090582553,15.361777897630681,15.385622224705578,228.34448,213.26566,27.778898977976,-64.49675192862082,26.421226282722476,-62.51138505614625,0.11692528676962798,0.06992504769003935,0.1110069016170986,0.07430352747172811,,,,,15.412775,15.390948,2657.7197,2181.3604,17.001324,16.978025,187.01833,205.51694,14.176171,14.158208,632.43677,699.9273,712.7819,857.0503,712.7819,857.0503,363,373,1.5003897,1.4958938,0,0,0.0010674488918072968,0.001182719181852954
6680745178510143104,6680745182807083264,306.895907821678,-40.36351708669795,306.8972846179201,-40.364594071519086,0.03870597780838449,0.022151120284553988,0.023846294895350877,0.014267900141969775,6.69624374728148,6.670429019943473,146.82787,237.48929,-8.58287047138892,-3.8720660654659844,-8.434664553193128,-3.9366844854060052,0.07001298430927928,0.044899981524966937,0.044362550553234174,0.028912860135550708,-15.046206647661375,,0.4578817436832396,,10.731844,13.779026,2549.3467,3865.005,11.093049,14.639207,1070.9506,198.88332,10.236586,12.846476,1256.2859,509.4151,441.72125,234.38481,441.72125,234.38481,238,243,1.1979277,1.3376372,8,0,0.0015034582929650266,0.0017479886147176657
6680748889363581952,6680750302408080384,307.12200660104014,-40.265113965913464,307.12379641591366,-40.2654188518107,0.062179313625045377,0.053375161191038266,0.028932071678479918,0.020228178277694984,6.077409800398744,5.937696066872975,69.088005,160.33789,55.789940918809855,-71.95721022804742,56.99823110352588,-70.95440972035283,0.12013327093282007,0.0984723720437113,0.05843476061079985,0.04202533715513041,,-27.56654376530865,,0.33078914647276547,15.357957,11.314915,1536.2417,2260.5964,16.4976,11.757707,58.239906,919.2986,14.151348,10.74535,101.91795,2025.3167,730.27783,462.31357,730.27783,462.31357,184,269,1.5510468,1.2074916,0,6,0.0013993541343761539,0.0018155970620711988
6681035831834169088,6681035861897731840,306.4440917863686,-39.350136344073086,306.4453941551923,-39.34035882589222,0.10601080006922722,0.0812176317373368,0.12047626971998007,0.09196219362914462,6.007805023579816,6.2605085249229875,38.470257,36.82906,25.17779923652509,-14.6885907349595,24.984772010264685,-14.629899537757852,0.21646631646555536,0.14871724547838885,0.238826887877022,0.1728682215497366,,,,,17.362696,17.236048,773.0145,874.9668,18.89486,18.677124,38.403336,35.977978,16.166271,16.05549,228.87231,342.0417,204.85745,282.03165,204.85745,282.03165,171,169,1.4610949,1.4581383,0,0,0.009829255335863143,0.00986387481318395
6681387984792294400,6681387984792295168,308.8877603178279,-40.48840157176792,308.88558631902043,-40.487929236205254,0.029606460308820887,0.021429377728004146,0.03608999079239592,0.026089493656472434,6.848910129627478,6.899061592456876,146.90868,121.24697,12.567422500573608,-58.32844334457043,12.762318895263416,-58.68131870086538,0.0637001683864656,0.04372313397229092,0.07737916221115594,0.05319569617398089,,,,,14.696948,15.099501,3207.3875,2037.9832,15.829997,16.322088,390.7568,374.10852,13.637938,13.996672,785.0889,579.48596,377.93472,405.5973,377.93472,405.5973,278,276,1.3880833,1.4141744,0,0,0.0017195570032937256,0.0022247183413988754
6681396810948297600,6681396815244981120,308.44422922964714,-40.558115383065534,308.44534216784723,-40.557228197830405,0.05464310561005142,0.030126982375058852,0.060508222343808434,0.03917999035237985,5.274052437462891,5.120856556849557,75.823006,69.61901,21.026924120040086,-6.315189421191215,20.55859993533537,-5.668195915294878,0.10121655453382895,0.06415683056966204,0.11692016093207863,0.08041349040613506,,,,,8.60505,7.7901554,2768.112,2776.6365,8.688954,7.8155212,1060.3727,820.2546,8.471662,7.7797017,856.90857,545.32245,733.5878,1189.1055,733.5878,1189.1055,230,258,1.1603532,1.1463798,0,0,0.001225587237698361,0.0014232810961509548
6681484222124000000,6681484226419545472,308.7195956070294,-39.97443685300468,308.72222107523754,-39.97320828310389,0.035974561837464704,0.022625369414224134,0.03565061442947556,0.023169236941718054,8.023488976479106,7.925635135601548,197.27637,191.45512,55.35126223192461,-28.993051019505188,56.13473328097474,-29.972591488097585,0.07057534471048654,0.04808845881443317,0.06665919777556556,0.04941969414691093,,,,,12.015302,11.287771,5492.3335,1987.019,12.601339,11.88264,829.8166,715.07776,11.309478,10.587008,1056.72,1443.6865,330.95642,543.609,330.95642,543.609,259,253,1.2434753,1.2362183,0,0,0.0023574377121640083,0.002898700969918591
6681883039904009856,6681883211702702208,310.92747158838165,-38.76930825268051,310.9147373187882,-38.76999184802148,0.02045986494437021,0.01483477910207555,0.022447660096317677,0.01651857345487499,8.674791511881944,8.658986301723534,285.7938,264.8461,-43.048985390399054,10.141114264760201,-42.98468314544874,11.14301333757098,0.04186417687691025,0.028870409200797115,0.04709358478898524,0.0321335546147538,59.73951652382863,58.121527619520066,4.322806334336026,1.4900097145233626,13.718593,12.9831915,3816.856,2150.7854,14.664191,13.776595,648.11084,664.4368,12.758951,12.123503,947.14996,1187.959,310.28528,386.64905,310.28528,386.64905,291,271,1.3379267,1.2934256,14,12,0.009952030568347219,0.01275260462294931
6682105553569480576,6682105553569480704,310.8694933843805,-38.08370246128015,310.87001985082367,-38.08323261484594,0.06399377093685268,0.04597118568133698,0.08295552860288694,0.05896786635683981,9.261547412973632,9.217493232445964,94.342064,74.53633,58.405006416946364,-48.78165302956275,57.726224477691744,-49.375963577698016,0.12840251232303065,0.0883343177006393,0.16923566042881988,0.11365332568889037,,,,,15.838576,16.67783,1515.8337,1289.6561,17.353174,18.373713,66.46246,33.240463,14.593555,15.3913355,325.19293,119.31986,467.48923,395.77075,467.48923,395.77075,231,227,1.5227101,1.546984,0,0,6.264771203368652E-4,7.056362997308489E-4
6682144139555891584,6682144173915627392,311.1911108085441,-37.63127496457722,311.2015941001066,-37.632638441588476,0.032397309020018646,0.02179572653888367,0.08522827495621763,0.06352989915718922,7.460138466978669,7.603400532228466,158.90298,61.502033,12.30619039563463,-73.88329943138814,11.829866656308562,-73.8681003735303,0.06549519405852695,0.04504075260947338,0.16511237021584246,0.13209084412004413,,,,,10.2969885,17.246191,3822.215,1309.8312,10.636029,18.84499,1953.6521,44.045517,9.820534,16.000093,2084.0203,401.19113,632.0889,287.90027,632.0889,287.90027,266,242,1.1972272,1.5104828,0,0,0.008413451551959664,0.010571587938629404
6682148984278835968,6682149156077528064,310.46314919000656,-38.12271504597766,310.4610688410587,-38.1234000421009,0.10827061080087413,0.08481430289699361,0.028904786925667662,0.022768789007822858,5.445805011054936,5.383477437945542,35.13062,130.20111,-54.47574971216738,-105.5528876588157,-53.98117188134614,-105.13316396473061,0.2154663621995065,0.171758187220611,0.05884966227240167,0.044944477556614244,,,,,17.22313,14.789756,1161.0894,3157.252,18.679785,15.759695,46.158085,420.76605,16.031557,13.816081,232.40399,542.14655,424.84933,247.14973,424.84933,247.14973,254,248,1.4682525,1.3445363,0,0,0.0017741540888336338,0.002190221777287157
6682311849436102144,6682311849437624704,307.4189042925301,-39.33445615308135,307.4184275913457,-39.33621379486979,0.02838748947564287,0.018604860884656533,0.028861678118522055,0.019831649175625594,5.138297333481172,5.027226133712721,143.34705,134.03369,-11.417809607937816,4.507196885710873,-11.272067342657623,4.021285639942597,0.054960560717836476,0.03835723418559425,0.055811099972008754,0.040283834904810495,,16.388651868100172,,0.7692294417031399,14.910217,11.3070135,1938.4924,1127.29,15.87572,11.666199,125.51232,625.80536,13.9003935,10.814127,314.69196,936.4525,336.96753,710.0679,336.96753,710.0679,278,283,1.3811252,1.1974396,0,8,0.0017958974063391909,0.0018211393894256261
6682316659799698816,6682316659799698944,307.699917871242,-39.219682788839165,307.700004591845,-39.2199487426534,0.11245410052669892,0.0817448321310753,0.07943051015471696,0.06898233854915002,8.929781016028324,8.908076017711943,62.78702,82.11184,49.85628581650237,-102.67447961976474,52.051339089144136,-104.67725181207766,0.20763038700024597,0.17167215811848602,0.15038715963443716,0.12467300647590525,,,,,17.218477,16.381,608.6881,912.90326,17.753157,17.635221,45.118103,39.571903,14.713091,14.716238,141.72188,207.5708,527.3927,332.25565,527.3927,332.25565,346,187,4.7293653,2.2048585,0,0,2.743086114567888E-4,2.797354004990887E-4
6682327238304483328,6682327551838175488,307.8642273628776,-39.25160170186748,307.87959089160165,-39.25552827495486,0.095705747363927,0.06438760221114158,0.05281836384993555,0.038374762811860204,6.282526915166848,6.275818807284551,46.37864,82.17474,95.83384574222657,-10.479128415018751,96.24028108730381,-10.60845514901205,0.18145739719470003,0.13563503650082528,0.10316878373461294,0.08189099831111868,,,,,17.33635,15.99136,1270.9473,1909.5894,19.021526,17.340654,40.914818,165.90353,16.072289,14.841388,240.07462,813.59393,587.7503,594.6393,587.7503,594.6393,397,361,1.5200158,1.4401878,0,0,0.012528040431246416,0.015857363938085556
6682471381701288320,6682471381702653952,308.8039001049621,-38.443545835089374,308.80409431642613,-38.443911603607155,0.028029086566218827,0.01952001017736196,0.046522823771171125,0.034542894722470734,5.485058170778374,5.403343863094621,149.62999,87.819305,128.0462001511553,-26.740972429131112,127.3130996076996,-26.60335261677291,0.05385700659144211,0.03889778608604379,0.0878064411539965,0.06840295047402385,-44.74365221882887,-46.389267046435975,1.7485787911169266,1.3793067700113095,12.40938,12.230268,2539.0396,2118.8438,12.234475,12.15187,228.98512,33.811832,10.970728,11.177976,436.7639,47.294334,388.9904,2179.7754,388.9904,2179.7754,319,308,2.4641442,1.9109688,8,9,3.961364706401103E-4,4.1413126102336805E-4
6682518798141614976,6682518798141615616,307.12100625461187,-39.0364810604717,307.1151473395531,-39.04048219783037,0.07678412840115834,0.06141988080433968,0.03584665420687058,0.026597460123291748,6.4242057581572904,6.262982105932255,57.224407,137.09747,-17.14668429975527,-35.105268647405424,-17.46147597093512,-35.13509604070175,0.14950429870769577,0.10743335679348094,0.07224655228290182,0.04795687712348829,,-5.919543785546515,,0.6716641280168827,16.254742,11.046441,827.6819,1339.7141,17.781103,11.396828,97.816086,620.3064,15.04556,10.558134,542.66406,903.6045,342.52686,385.23718,342.52686,385.23718,186,174,1.4772086,1.1989018,0,8,0.006059576633130467,0.007094785819785189
6682772128197776896,6682772132492774784,307.943700128538,-37.387941748077616,307.940937510215,-37.3937864872336,0.026338028091681873,0.025430862612083834,0.05953589796450523,0.04015790601479592,5.786421991715399,5.67881753073073,133.62917,68.94034,-31.09404909891823,-44.64894680678676,-31.04586089112953,-44.55448108713522,0.05948464421043719,0.04822419461662468,0.12066273446450355,0.08111818036568204,33.13870330913317,,0.8179031188341037,,13.01779,15.661447,1092.6013,1564.7529,13.609066,16.962454,97.62982,148.59608,12.215359,14.527542,243.16417,457.81995,322.49445,407.42963,322.49445,407.42963,200,229,1.3173629,1.4317619,13,0,0.0062432925510243166,0.006464753344101491
6682786696725006464,6682786701021790464,309.3295504613037,-38.41771171792422,309.3289812331472,-38.416548681917604,0.029146811000248105,0.02040381732560074,0.08521670366008302,0.06342414991058837,5.224771149051597,5.13554995663111,122.68771,38.805363,25.497134449343083,-52.740332599127555,25.01169851112117,-53.7048240391467,0.06284043648168172,0.040941530932710524,0.18491477867013265,0.12815302791738684,-18.998058234464807,,1.7635397199819782,,12.332402,17.234924,2771.9646,1011.16724,12.815914,18.507874,527.2225,29.451372,11.712712,15.981846,829.8637,273.39587,355.9178,395.7383,355.9178,395.7383,292,295,1.2235551,1.5779941,8,0,0.0012456179114094263,0.0012948642580776996
6682806732749158400,6682806732749159040,309.30314231633463,-38.20463918366756,309.29891433965173,-38.20440788152318,0.0799495519679544,0.04614427227578504,0.06076234609203775,0.03686826689650874,10.211040805023266,10.547416574963375,84.895546,117.94296,91.61655146523734,10.90314862107505,90.2018475229703,7.4908859432232,0.15074672774689213,0.09360336243086444,0.11935805616395644,0.0734496376996147,,,,,16.350716,15.798854,1109.2654,1297.3003,18.111734,17.02145,71.63144,158.93497,15.065599,14.648015,447.4507,400.8969,474.70993,474.79968,474.70993,474.79968,267,272,1.5362616,1.4673587,0,0,0.003330420015909616,0.00423429893998119
6683042474914956416,6683042474914956800,310.2797784657715,-36.650897553072504,310.27830966336734,-36.649979795926704,0.08761576276824214,0.059087892292442795,0.02687340882499309,0.016382047590574322,9.312216654187011,9.179119947309495,72.38521,262.7772,32.339950462145126,6.333489283995743,32.65977809683671,6.351696841891834,0.17879033831601318,0.11729216416484951,0.05549519120250598,0.03252385269062521,,37.36369187830555,,2.7659757473343167,17.021482,13.009284,1123.0865,2142.7559,18.637873,13.9007635,41.266125,532.9771,15.715975,12.091276,172.64828,861.5507,352.7326,380.81308,352.7326,380.81308,263,259,1.583276,1.3148228,0,6,0.0014936283340417926,0.0017319522745218325
6683106173573814016,6683106177869151616,309.2365402322551,-37.21094529027431,309.23333029450623,-37.21218761999563,0.0361244338247325,0.026706588986593904,0.04817978561775494,0.034551538449985486,13.340290442726632,13.299839457423543,259.8742,199.0269,19.301738379211024,73.99509898393833,17.711122784773828,72.55871838779098,0.07589663108824755,0.053338260185368594,0.09461980693023711,0.07465229350519813,-2.8702955377171335,,0.8905433040431764,,12.73997,14.232573,2574.3572,3247.718,13.756622,15.545257,521.55164,351.15393,11.749857,13.09557,834.336,751.0876,520.66406,591.75964,520.66406,591.75964,280,280,1.3478341,1.4328563,17,0,0.0028422991415950854,0.003441959251365141
6683186751456009216,6683187434353599232,308.6189869166867,-36.77496652589575,308.56846005991997,-36.775955191191244,0.03301854996492187,0.02148870740040532,0.032577449333056153,0.022013292410610247,6.614935124266926,6.630017656546078,133.67473,143.82588,3.3152287800001066,-45.71640863262423,3.5210987156233227,-45.902180445948446,0.07133219302235516,0.043384892692118746,0.06796056079541114,0.04507761181192953,-33.85974524354532,-33.569471236525544,0.15454692861089395,0.7071720453083336,8.930267,11.893864,5702.9956,4071.2878,9.273616,12.359868,1249.9994,1003.7044,8.455365,11.289457,1182.6978,1436.4813,711.5539,596.5016,711.5539,596.5016,356,350,1.1941592,1.220651,7,17,0.04048347215231986,0.0505365285095137
6683255917607897984,6683255917609375104,309.5242120080027,-36.455217849273026,309.5255046658886,-36.45671397464546,0.2434743151367741,0.17912352018724345,0.07520466821042217,0.04421341823582,18.880063851273086,18.867425067616452,57.58811,187.90437,226.08487967927135,-13.070202857419604,230.300434928897,-11.998836480643206,0.46211071491936,0.3641611091717256,0.14304567557385767,0.08932311240994947,,,,,18.74106,16.016777,441.17886,1457.068,19.114223,17.812563,21.676834,88.17376,17.98692,14.7289095,44.637463,408.2313,333.52133,716.80646,333.52133,716.80646,286,299,1.3731829,1.5352297,0,0,0.0018219145126836436,0.0019772090279198623
6683291273779998208,6683291308139736192,308.93591489688635,-36.4953457707966,308.93827708012446,-36.494757501066324,0.05295942646347391,0.035596748162974194,0.04586799671305295,0.028437267932974828,5.936160127111881,5.8013647737578315,81.22466,91.02515,70.26820595368157,-17.957503407192853,69.86682938220152,-17.790625698833075,0.10422959161474597,0.07542345889958298,0.09156154596817061,0.05893429862925224,,,,,16.111681,15.7167425,1980.1375,2029.2548,17.42859,16.976925,138.67296,283.50925,14.97618,14.606532,546.90533,520.37103,645.79785,667.2629,645.79785,667.2629,433,423,1.4303272,1.4141072,0,0,0.0019880092529405823,0.002434331720618136
6683364627527140480,6683366109290320640,295.67448327786644,-47.731989937480066,295.6759219651024,-47.73072645839538,0.10212495450362334,0.06478385408099492,0.03317461566293404,0.02694906452254389,6.596646740897409,6.765655801364549,63.167606,169.70363,30.135864895719447,-1.564009739528834,30.552037987145567,-0.5136316035691159,0.1587075476338127,0.11132832422757523,0.0645291553901099,0.05006881442087538,,26.65130566169037,,0.7003721089415497,15.880792,11.200718,726.4258,1957.7468,16.891247,11.583526,37.321415,1020.4987,14.70848,10.684211,91.630135,1108.4808,215.65321,439.8472,215.65321,439.8472,152,200,1.5432271,1.2008581,0,7,0.0015914673933366459,0.0019147324513866222
6683403492685896320,6683403492685897728,296.44637277175923,-47.32871866463784,296.44442087546486,-47.32797413888614,0.043458702794686305,0.031880531299275365,0.06893368315431585,0.05123293698383604,5.694668446163831,5.743386781199009,91.21407,57.43752,14.894108060232021,-54.10297219652023,14.721120355770612,-54.00471348275047,0.0834707840837414,0.05289191037078013,0.1283776546357855,0.08536790608717959,,,,,15.447875,16.146317,1616.922,1101.6381,16.544474,17.402346,94.23638,111.50595,14.390711,15.03485,181.20566,339.69852,230.27122,270.27606,230.27122,270.27606,177,176,1.3949796,1.4163594,0,0,0.0015180956836472975,0.0020890710229493573
6683548009743756288,6683548009745747200,297.72131382341973,-46.354975725942886,297.7211885764915,-46.36074952358432,0.06088478425335099,0.05647530745677457,0.035176356591127035,0.031036079130468127,15.667444319387098,15.59364890923813,185.33682,331.93976,6.234963901579566,-35.76077592935879,7.307274001970206,-34.37925342915003,0.1186065851760177,0.0990045974489525,0.07043325213832792,0.05453071769722976,,28.548027560275877,,0.4594828593436029,15.729306,7.3909636,1267.4553,3737.9983,17.323196,7.628912,72.79425,516.7154,14.482321,7.056993,271.82596,402.0584,395.00717,380.01678,395.00717,380.01678,184,189,1.5123414,1.1683255,0,10,0.005774444646530461,0.0057751559283913175
6683677923916212224,6683678198794123776,295.8189171810858,-46.62444544168313,295.8048205103211,-46.59916604586635,0.039412136333886766,0.03311443319900613,0.03283403966959834,0.031500814260991425,9.575053277630508,9.638387936236214,182.68315,201.68445,75.3392883240692,-28.197825169628402,74.90373416145667,-27.720960591107943,0.08139736714364827,0.0591817181351349,0.067361377219014,0.04914827106437774,,-67.79567695002643,,0.37141670023375317,15.253922,11.128456,2092.4917,1961.5314,16.641672,11.637553,173.47693,710.1373,14.097435,10.500599,395.50693,1094.1825,215.79657,305.8427,215.79657,305.8427,165,163,1.4402205,1.2183084,0,6,0.027070624516541728,0.028944152768894095
6683811995615320320,6683812167414015232,297.36580652180834,-45.74803511212526,297.3513100397802,-45.74324452533298,0.033273758107331394,0.033773426262020595,0.02038348676773561,0.020370173375591792,5.257089535818947,5.2094553358555835,113.752075,183.58955,56.72509512561171,-33.042285534857086,57.09430800936171,-32.99945108540629,0.06371215083507345,0.05445571990839011,0.040394520554663645,0.0359112021733419,-25.058068831100115,,0.15323828628863584,,6.940046,14.281769,4230.6035,2597.8933,7.529314,15.102119,524.21155,379.40695,6.261289,13.401473,275.08368,310.16837,339.42093,182.71283,339.42093,182.71283,170,189,1.2221112,1.3027897,16,0,0.011193265253901043,0.015267537882946677
6683933800887779840,6683933835247516672,298.2398473600626,-46.0137618299324,298.243975875884,-46.016501450901174,0.10444826514064012,0.09143687628593744,0.029929690400466814,0.02540914070046372,9.508857809248454,9.572162331765893,72.977234,263.14566,77.83132142911698,-47.11677932316216,77.57271985993545,-46.23486920503787,0.20704745341972017,0.17297671598045694,0.06006795269689905,0.04578968999861152,,,,,17.70459,9.672025,440.66806,4044.6477,17.688663,9.991195,83.11892,505.01764,17.524645,9.2292795,60.403393,462.46234,202.36957,442.335,202.36957,442.335,185,184,1.2468162,1.1869394,0,0,0.003965592150562485,0.004954812402139122
6684012587768152448,6684012656487630848,298.3751147691473,-45.65379681078403,298.3734851119649,-45.64972157224225,0.05000771377309493,0.03945151004726059,0.09704247772403556,0.08227500613581296,5.69145618042968,5.560182029273261,77.86856,35.92268,11.165605081117583,-7.926079918549289,11.619478776176425,-7.839161708633986,0.10117146052856957,0.06942806694149029,0.19923094745276124,0.14110095504391743,,,,,15.983851,17.64697,1358.5646,723.8456,17.337612,19.313267,152.22604,28.749086,14.839484,16.382946,298.92175,223.02089,311.67267,215.53424,311.67267,215.53424,201,194,1.4329932,1.5226967,0,0,0.004231459866615307,0.004389003497889486
6684070380847457408,6684070380847457536,299.0023153993759,-45.299550820789264,299.0006684875206,-45.29932678699376,0.028033413712489984,0.025011050116142287,0.03220883677880113,0.030930300232001374,14.430311700256283,14.417978380146545,401.8425,326.68073,-124.8325117884356,-62.60137936782398,-126.19449239636253,-61.22206329028274,0.05483612652809784,0.04572062224064644,0.06392461376228062,0.053975567288820435,,,,,13.794692,13.987941,2774.4182,3143.8115,15.0377,15.267405,372.79214,465.3563,12.700482,12.878842,412.9555,442.51163,360.44952,432.22815,360.44952,432.22815,191,193,1.4004422,1.4088526,0,0,0.001179904923390684,0.0016620799621618269
6684188887585460608,6684188956304937856,297.6112814831164,-45.61765456334292,297.60873886242183,-45.61761978845256,0.13588273373562942,0.11265590219525233,0.0391532168245825,0.03157541160309636,5.552908610132266,5.590291789701833,31.271954,106.84621,64.8127587473734,-58.377400644686574,65.03625327603193,-58.21060469375473,0.25183697542138295,0.19177629589383471,0.07598383106274485,0.054410973210831645,,,,,17.90402,15.585963,510.67203,1329.4287,19.60333,16.80975,22.52086,270.39023,16.635725,14.492907,139.17508,440.77396,262.18265,238.11818,262.18265,238.11818,186,194,1.5233427,1.4033718,0,0,0.0017787591546430765,0.0025428584878794667
6684206995167700224,6684206995167702400,297.54519373746155,-45.37959273438575,297.5415310025857,-45.376721232557216,0.03340598909213382,0.028393240666482505,0.04358891375408925,0.037163740983445256,7.146315625476443,7.0080741345241,182.14601,128.46834,5.544418824457881,-12.994045883769969,4.496639902551265,-14.657027501601693,0.0639381750479217,0.046794296178036834,0.0850927060284287,0.062139869261594455,81.16130409490637,86.45154775796104,0.16031934448880591,13.115781599120188,6.670963,11.280915,4236.6577,2044.6245,7.236575,11.680058,437.20743,1095.5835,6.008511,10.744164,179.891,572.0735,271.25394,665.06836,271.25394,665.06836,173,171,1.2196314,1.206064,12,2,0.0038554888706273534,0.004654154007112688
6684585467686479488,6684585467686479744,295.55448629424797,-45.41397785074336,295.5553032096793,-45.41206921680798,0.027441578018434925,0.024035415096641963,0.019168430092237353,0.017586625521426553,6.519434461184928,6.515413426699652,175.3712,245.40807,3.5181417705717646,-56.35909393357446,3.388435642007037,-56.1775752971791,0.054106846508116105,0.0417326618359349,0.03936089381997171,0.030960048294192077,-34.976743269152486,,0.7800188637685469,,11.987833,14.055276,5273.592,2607.7886,12.4809065,14.95866,879.66187,378.84268,11.364819,13.125048,1439.9888,568.98157,202.66852,199.57436,202.66852,199.57436,193,198,1.2217491,1.3225374,6,0,0.0019929245841103153,0.0020761103827280332
6684641370980601216,6684641435402143616,296.1170212180928,-45.11965590198879,296.1154995774243,-45.108653562867296,0.02818796840404196,0.023468756806188987,0.08720858029377805,0.07877379185141786,5.177387596567218,5.065548390165829,152.33025,45.866074,-0.4120446872641361,18.799303765636346,-0.5853457721708919,17.964448631207425,0.056593437017650704,0.042050347975473544,0.1771471971204961,0.14283788723936564,10.616037255820977,12.242513803366348,1.9946815182363777,0.7509002930269093,11.395173,11.334643,1814.4647,1906.1603,11.833179,11.870005,463.58344,677.86816,10.822689,10.676873,856.9258,1222.8936,339.34915,3097.33,339.34915,3097.33,187,186,1.2115831,1.2285618,7,8,0.011054616600153059,0.01110706335934246
6684698957902059264,6684698957902059520,295.7434404283433,-45.050539225183925,295.7414435570679,-45.04967665877266,0.03301961256345482,0.030411526113417277,0.03701175993741679,0.038912679835460595,10.27138438821279,10.256231301888365,208.33444,223.47519,-78.10327987890768,-180.56326978335412,-80.68084668680538,-181.25973241634102,0.06639728079470165,0.0501291032419823,0.07365702746352072,0.06229726396267565,26.46714271013577,,0.4272066588532646,,9.764025,14.166836,3171.1387,481.62482,10.119202,15.024526,600.1036,56.227818,9.280522,13.068235,657.51886,95.276,295.8541,218.75261,295.8541,218.75261,174,139,1.1936152,1.5045849,5,0,0.0016535661470661763,0.0021752047500069186
6684737990563062016,6684738093644357760,296.14271830459984,-44.54655149159382,296.14412909292327,-44.54535217100773,0.07165082182869198,0.06975167458238736,0.025552349369473294,0.022865718043338285,5.565019243702061,5.490660349393681,52.60811,157.25337,21.30114720018138,-59.87779694205864,21.41658032802711,-59.353269481884105,0.1476921134834293,0.1164313529590261,0.05205603647105089,0.03898877304911806,,,,,17.266396,14.583119,828.9451,645.0805,18.685696,15.684292,32.86825,125.50754,16.048227,13.534087,246.97203,174.89462,226.91852,285.48462,226.91852,285.48462,211,214,1.5066215,1.3854412,0,0,0.0015650251257663926,0.001851673178974065
6684746133823113216,6684746133823113600,296.3540574531556,-44.40451884220222,296.35189279183066,-44.40426533413352,0.06952452753295858,0.05721974083792214,0.06507469384625507,0.04994377799552952,8.219798833586617,8.092876099684068,91.80445,98.18092,33.17099531986112,-115.18723783388643,31.92420267847492,-116.09569955726428,0.13902296627039684,0.10408889022098813,0.1291575899375238,0.08802317512781477,,,,,16.67975,16.377043,1177.7401,1210.9052,18.259548,17.902136,54.728695,80.74111,15.452667,15.172366,307.2348,306.09775,296.89407,393.82578,296.89407,393.82578,223,230,1.4901462,1.4720469,0,0,0.001567115858485972,0.0021794552054277415
6684746752298470272,6684746752298470400,296.37973605772464,-44.365473783540615,296.3785548226849,-44.36539829293785,0.1050332087395506,0.08122074684112011,0.03433102653390385,0.026297488409453597,7.4677622275270235,7.559631381030366,56.611145,177.11913,1.1201875664695837,8.334758165559684,0.433966038232088,8.69903194424041,0.21383163034032504,0.14506706504580213,0.070499434858047,0.04794819882622641,,,,,17.070557,14.939954,721.67725,1749.223,18.625938,16.12841,26.471727,339.51077,15.778457,13.86608,152.86998,511.54184,550.9602,327.47348,550.9602,327.47348,221,218,1.5754392,1.3908105,0,0,8.478261175767852E-4,0.0011836448158873503
6684790316149867776,6684790320446668672,294.9013111882282,-45.1861945612773,294.89960090684076,-45.18622905718517,0.026162247363981154,0.022624913697071626,0.027658940674939233,0.024382338065944052,9.140885915735812,9.025296097052184,264.84116,239.17015,47.73444606215625,-20.657977831029108,47.850676658840676,-21.740327408320738,0.05189910865706044,0.03838532314748515,0.05493779050018836,0.04156456401390575,-13.604416836828882,,0.6228619314717655,,12.242351,14.177632,970.5821,1251.2278,12.919521,15.318187,245.11168,172.34666,11.466651,13.106858,338.0841,305.26697,257.21002,390.84427,257.21002,390.84427,210,217,1.263318,1.398612,10,0,0.0012059082746720682,0.001710629238571413
6684845742704910976,6684845742704911104,294.23465129995697,-44.84718059959117,294.2315596416666,-44.84908938340182,0.02753712303491596,0.021273935951308123,0.027560789458788794,0.021621785346061892,5.823606562071003,5.912678410283622,185.3952,175.08443,62.707810042803736,-28.8541482325004,63.055566589072185,-27.97272425172678,0.05365105610703783,0.03940953305477276,0.05416265413574366,0.039130202593000006,-68.9075482389408,-64.95540811229705,7.247772357022301,0.5036756957463424,12.695149,9.897726,3979.9414,3486.3987,13.44791,10.230408,493.40207,1205.8445,11.863515,9.416345,722.8544,674.09125,305.60205,370.5375,305.60205,370.5375,223,218,1.2829053,1.2033837,8,7,0.002906538463679077,0.0036334290443361316
6684865259036329728,6684865327755807488,295.07489824764406,-44.67255454961119,295.07106710329464,-44.66767184835997,0.044668088236744764,0.04086042465673023,0.26649571530744826,0.25842108578082784,12.434683479248163,13.362112669056543,187.3642,36.348797,-85.99236780037454,-164.12562601974793,-86.2271815404804,-161.5388189688707,0.09163235547685294,0.0663536151863377,0.5452519653250548,0.45085953001261503,,49.17705714613723,,5.5523657186622435,14.466942,12.682312,1671.6941,2741.2595,15.794592,13.769576,337.33176,915.46185,13.329675,11.652578,699.0879,630.9439,351.77823,14656.55,351.77823,14656.55,160,134,1.4301553,1.3691456,0,9,0.005591431965943104,0.006206322464611839
6684895564325047424,6684895564325047552,295.4403539058872,-44.81030368749663,295.44080890123803,-44.80966059692306,0.04703405746756554,0.040555926760816145,0.037017091146639175,0.03154055976700196,6.444263562292872,6.65360956603152,94.482864,108.01859,-8.230521417211873,-34.74709764005831,-7.824606953421197,-35.37997106454396,0.0885071987580788,0.06054251605283351,0.07990728290905756,0.046625738086158705,0.9278244461676017,2.2003318492332937,0.6037997490339991,0.8098623158456408,11.76105,11.705189,1281.1765,1040.2299,12.214081,12.152054,299.2713,403.3567,11.11607,11.065228,74.399536,87.66878,320.17215,267.182,320.17215,267.182,171,174,1.2546945,1.2538848,7,5,7.195571115625796E-4,7.877729717893835E-4
6685148074042487424,6685148074042487680,297.7341444361273,-43.81110165892645,297.73477620392157,-43.80728704973719,0.10301319262857532,0.0849332405102438,0.03064816867708441,0.02452356136704241,6.856334227131257,6.790289310505449,50.60134,174.56851,-24.436097427227697,-16.437864949487754,-24.759457591956203,-16.22721940079986,0.20728061252499583,0.1525418026913364,0.06306910114938802,0.044217458246148526,,37.48447143625272,,0.6912625978680611,17.328817,10.677143,759.51025,1927.393,19.098476,11.035887,34.52395,871.30853,16.056988,10.184377,161.43852,1190.3362,312.16968,438.4369,312.16968,438.4369,192,199,1.5181911,1.1975803,0,3,0.003841757601964785,0.00386657132517358
6685196830510256896,6685196933589471616,297.9769823045987,-43.72134351567872,297.98406596561813,-43.713302443959876,0.17958042878827185,0.1458639531586765,0.04352521353535387,0.035681987538950084,5.08956783543479,5.16478484442082,22.405125,92.73986,14.442160604147368,-23.715112549469406,13.528080092280119,-23.168855506884164,0.33326414338524457,0.251351320041397,0.08315272877853624,0.0620962408721538,,,,,16.148064,15.205614,1048.0303,1995.0104,17.592466,16.28958,87.03794,207.70897,14.961987,14.180274,315.8467,739.76733,2745.2275,264.5343,2745.2275,264.5343,190,186,1.4639859,1.3655235,0,0,0.009532624143017955,0.010716206783440301
6685227479397063424,6685227479397063936,298.643935922486,-43.372256407081146,298.6430373317981,-43.365860091201434,0.057461551591587834,0.051731671340506734,0.054147721584485206,0.04786896124467335,13.857623455634833,13.77640118834067,181.26436,196.4244,124.02059307049146,4.063700254628545,124.18479847894974,4.399997947358392,0.11381341691529392,0.09071968011814445,0.10836868608498794,0.08893704669829151,,,,,15.803861,15.535665,976.1719,1445.3555,17.449654,17.094017,149.02744,70.106926,14.567102,14.306686,392.23578,358.95416,367.33176,327.44568,367.33176,327.44568,168,163,1.4918628,1.4958638,0,0,0.006429584883357901,0.0064591270352430084
6685623234863324160,6685623234863325312,300.35087621372804,-44.37502712842768,300.34768529799555,-44.372852508226785,0.08236157913128624,0.057140979690954746,0.09702131119686547,0.07286084248036297,6.982031702348152,7.253933385902905,66.03659,53.625607,36.66435935161485,-59.77212721087976,34.90516978896626,-61.846736196327285,0.1629772299191163,0.10107905034913695,0.18494523773357435,0.12601055360140967,-74.08763154669602,-73.30455275697699,0.7596278656805675,0.868324082094259,10.052952,11.2348175,2937.706,2323.2666,10.350251,11.641085,832.5641,542.96893,9.628004,10.686343,724.87244,711.35736,1372.5427,2739.8982,1372.5427,2739.8982,175,188,1.1876444,1.2103264,6,9,0.003151379370943323,0.0038614655546819108
6685825545003022720,6685831416221346688,300.8255937989598,-43.377310946169395,300.8252524983847,-43.37148526210853,0.032150055737991234,0.025194616731129812,0.029917295327848117,0.023741983021669584,7.572932927666554,7.5093743130513815,194.42589,192.30832,-3.3818015284262137,11.665093266053443,-3.20685069385996,12.109132477108204,0.06601405931992818,0.04468143993684001,0.06174978862784591,0.0411925548158883,-58.696233104867815,-55.9701564493874,0.371162409568231,0.55646189813867,11.291693,11.926129,2621.371,4707.2686,11.696444,12.422068,840.91583,740.1892,10.7474375,11.296558,1294.239,1561.2739,288.46494,239.7385,288.46494,239.7385,186,203,1.2082926,1.2251015,5,7,0.005830963985500675,0.0058356731282335605
6686032081388110592,6686032115749956736,300.81927023505574,-42.92357028596776,300.83515876938975,-42.90900724169349,0.06972658826585652,0.04888722188128361,0.06816216369756867,0.04841126164922278,8.159438369624786,8.510995770961015,109.62459,95.505714,-17.164564032872153,-7.980050992011319,-16.790882841003658,-8.95073786947491,0.11160708136735106,0.0918558001137206,0.14080244713978968,0.0836503352993124,,56.6777022334451,,2.0418786784914613,7.779432,10.987467,1013.61743,3006.5874,7.7171407,11.500296,106.496445,1005.23303,7.2167306,10.346318,93.53307,912.45447,210.35268,1014.8345,210.35268,1014.8345,102,163,1.4917939,1.2260891,0,4,0.018640755551064998,0.02155290657469514
6686219410684378752,6686219410684378880,302.50544250510825,-42.51950417173786,302.5038990155169,-42.519032049134275,0.06421599047034708,0.05402467612204992,0.048033684111246845,0.039883764008449694,5.752765100489065,5.627152852625481,59.60611,81.79831,32.12547979544621,13.191488538188622,32.386839634016525,13.414229190761,0.13695485719810802,0.09969504680769592,0.09986857825575123,0.07406710191232851,,,,,16.528528,16.132778,1142.2571,1259.3873,17.734327,17.26938,124.00916,101.35211,15.441133,15.07086,360.77368,365.93597,230.28387,206.38136,230.28387,206.38136,185,176,1.4012761,1.3902689,0,0,0.0012317060735408671,0.0016140817425028603
6686261432642314368,6686261432644379776,301.79618491340125,-42.30060978945885,301.79536103199746,-42.301265899281475,0.07073416942642585,0.057528160324892504,0.03982089475568417,0.03141410670832844,5.260060155002039,5.260529543663746,52.775764,97.29885,15.882146709286078,-84.45950741691992,15.541290459025065,-84.77721221547867,0.1497686277695742,0.10185381516132092,0.08326630198442388,0.055426559441110156,,,,,17.041964,15.543109,1168.5085,1437.8932,18.52953,16.713621,43.765762,220.67584,15.826929,14.4456005,231.39124,347.68427,235.99377,277.5437,235.99377,277.5437,204,203,1.4907606,1.4201071,0,0,8.954321688048749E-4,0.0010532144448546694
6686334515805512320,6686334515807440000,303.3093646390098,-42.06521333011503,303.31020187006243,-42.065180439313934,0.14785472599804209,0.12866431483970128,0.02516101959606375,0.01905891179305882,5.680052920613099,5.865631755084189,27.239655,195.09087,6.307141974863207,-62.33011257420714,7.548776557232168,-64.00412802754047,0.27725847316003605,0.22668051156695063,0.04948968182392752,0.03374510031221553,,,,,17.515694,13.986381,272.46863,865.0543,18.023947,14.907086,23.593996,280.01343,15.866102,13.047008,9477.21,381.98093,291.9991,163.20619,291.9991,163.20619,151,166,2.4056194,1.3259752,0,0,6.224156955597036E-4,8.378768646297497E-4
6686353001347006464,6686353001347006720,303.3755721601682,-41.820174611560354,303.3732531563168,-41.81911127508374,0.09092466741332633,0.08835880924635575,0.03927571776187259,0.034984829346217425,14.595521369902539,14.633657771409501,114.233986,274.49243,134.74092520730656,-21.622057041666395,135.40691098955446,-22.60330060067624,0.18489379570759376,0.17297977336599993,0.08214866182038613,0.06643378523190506,,,,,16.95183,13.940116,730.578,2047.2695,19.090792,15.383455,37.28626,244.1712,15.567567,12.762519,254.46924,397.50848,328.29755,554.46313,328.29755,554.46313,176,182,1.6267389,1.4542934,0,0,0.002029154814482642,0.002551169011484353
6686517412695518848,6686517412695519360,301.4506401333814,-41.960930096253094,301.4496728810367,-41.9605705928077,0.10769101714618112,0.09861913007040284,0.03675632139640532,0.03162015470537666,5.016789461517572,5.039053344312948,30.382374,89.449234,88.82040296200854,-44.10766388687469,87.72799412801352,-44.829813665479094,0.22578741481425604,0.17190536692634084,0.0780028543780612,0.05542130582683739,,,,,17.646338,15.368935,664.23584,2018.0105,17.575155,16.472754,104.20719,273.90256,17.455671,14.330348,35.317726,371.60272,196.64848,225.44566,196.64848,225.44566,174,178,1.2906513,1.3740742,0,0,8.040931794825423E-4,0.0010319010735501857
6686752772605799680,6686752776902585472,299.264981359622,-42.742599844520264,299.26182143634463,-42.74173603018702,0.07109024083924485,0.06047858199260565,0.04698329374411002,0.04034341542675745,10.783382472473107,10.778156071642016,110.787674,165.50398,4.999604006883347,-61.44918644986387,6.389127759970096,-60.61418751600046,0.1398993295670823,0.11290981819488984,0.09303583741689622,0.07109138358448149,,,,,16.516512,14.93323,961.9364,1594.8434,18.358105,16.456163,75.27182,240.74799,15.221234,13.730557,303.55682,417.48468,268.84003,450.0047,268.84003,450.0047,166,174,1.5389903,1.470023,0,0,0.002476248171769141,0.0032758648203695027
6686771842261134336,6686771846557262976,299.84494906376636,-42.48829669761942,299.84705284594656,-42.48846325518025,0.030536566367540905,0.026067200359998106,0.05448924472517596,0.051702888345067734,6.700998022587442,6.826017162118027,166.73221,91.48257,7.051761599815929,-13.082708418309608,6.668090343249967,-13.702763001436818,0.057226798710454344,0.04252904111931685,0.10770630577342231,0.09273964909465847,1.065044784475834,,16.351225835560765,,11.546971,15.726223,1025.4725,854.2757,12.12142,17.011396,346.11136,48.518784,10.856218,14.541285,308.59866,147.77443,233.35637,330.15747,233.35637,330.15747,189,167,1.2368106,1.4932722,9,0,0.0015602745284303003,0.0021103651065149487
6687213536698491776,6687213540991970944,299.1280726251281,-41.31334773003724,299.1275290914168,-41.312912498539845,0.03250203963164642,0.024695270808043773,0.08818078130594388,0.08132402472369187,9.266316944992218,9.049787728278051,251.83546,75.40298,86.4441593152809,32.532987001144996,85.31744525592079,33.40844938269673,0.06405004086182886,0.043973768936742375,0.1690314807547223,0.1354835901392425,-8.671637865517267,,2.3420626187264575,,12.040641,15.34977,2304.5417,309.1667,12.645946,16.193737,335.07022,737.815,11.306689,14.038792,418.43985,534.405,192.49835,940.3878,192.49835,940.3878,172,151,1.2573768,1.761987,3,0,5.967400897092614E-4,6.963155546231646E-4
6687321941672209024,6687322014688365440,301.37219684076183,-41.14655671162459,301.3715003293693,-41.142670886240225,0.03280657126699127,0.0236648088645306,0.06443598986062617,0.0505608089975399,6.777157890569807,6.681789257579184,185.63696,81.54427,14.967962237844286,-109.2582630719263,15.326719252929717,-109.24800616337758,0.06431759943833411,0.04217532018546366,0.12467460014559541,0.09071918251136327,50.91669837377448,,0.3434965311643994,,11.670348,16.18577,3693.945,1167.2676,12.141496,17.590734,760.29395,123.68785,11.064262,15.017549,619.2202,332.26517,342.8207,414.40848,342.8207,414.40848,186,210,1.2195473,1.4504378,13,0,0.003921064702872166,0.003947754683065999
6687374172771132288,6687374241490611456,300.45387906028884,-41.0091312710985,300.4437389117565,-40.97912451319875,0.03335281963038829,0.027925036108725692,0.02698789155254779,0.025400055355953223,8.123030034656674,8.0011689446695,188.14838,236.66302,35.526753333581254,-91.87179510851007,36.71634668617975,-92.16877364023571,0.07334786633111214,0.05656870069603294,0.05829483184374551,0.05351324270106379,-25.66016037369795,,0.48991695566857746,,8.770032,14.326724,3483.4863,2547.241,9.066054,15.465214,582.0422,382.09512,8.360956,13.274604,438.87595,379.58383,401.85095,324.4056,401.85095,324.4056,208,207,1.1791563,1.3796446,6,0,0.030967439797009493,0.0316737767232155
6687481611376626304,6687481611377836544,301.6780956956469,-40.23846785628549,301.6776487687844,-40.239398751388855,0.16409910851563958,0.15162960918991455,0.1251496341747393,0.08458837898350113,10.386393848497466,10.143052948238767,48.00259,69.66864,13.090096969532349,-7.233111691106725,11.236053420151059,-5.511459735786223,0.33183168723063516,0.27497658202710346,0.273478161626682,0.1716650869355283,-1.7429013564121156,,3.5292067029920915,,11.347514,13.416692,1182.9088,2287.7507,12.02774,14.488159,626.8305,113.40217,10.578815,12.315376,902.56696,350.78214,14135.234,2196.0552,14135.234,2196.0552,216,143,1.2566202,1.4480453,9,0,9.91442967109172E-4,0.001032622541821161
6687596342839595648,6687596342839595776,300.09404323288226,-40.40500895737748,300.0945608179449,-40.404245540615634,0.0752324187275696,0.06148120205590445,0.04702903669715623,0.03598337073559726,5.126436752909826,5.227554103674353,53.289913,97.181274,13.32151683065361,-17.87630367170115,14.000421181107992,-17.48304265740535,0.1468616040387229,0.11332859465349573,0.07709681675074746,0.06529772977312982,,,,,16.669209,15.139769,850.81915,1382.8823,18.190819,16.271393,40.210464,213.89784,15.412586,14.088103,227.00984,404.6559,404.75897,178.67194,404.75897,178.67194,222,130,1.5359467,1.3808035,0,0,8.591545685699766E-4,9.223336973967402E-4
6687602458872919936,6687602523297271936,300.6260134929708,-40.45529704299884,300.62392057866464,-40.45445055963367,0.10067397003299466,0.09077553798362721,0.12433657750820663,0.12206392847142328,6.166163798446522,5.78752247096459,42.09722,32.41822,50.80544630133433,-28.535655107259082,51.44549878099253,-27.24278478577585,0.20303129892899344,0.15858292958622774,0.25441284600456165,0.21522058863584564,-23.22103742400136,,6.036920346852045,,12.953848,18.138636,516.35626,611.5257,13.603703,19.342014,546.9657,35.053017,12.148617,16.774975,683.56995,59.75685,5705.9023,218.32297,5705.9023,218.32297,211,200,1.2973282,1.7378663,6,0,0.0018035244487558133,0.0022576147546574093
6687701105680306560,6687701105682134144,300.21643416199583,-39.62844212233083,300.2202941662694,-39.62979749777162,0.02991571621781013,0.029880363407320497,0.03442684256782693,0.033612632967874125,5.167595858904752,5.285721305358422,117.675644,126.07216,5.381707683948218,-55.826254569256434,4.979418061724203,-56.56237057876301,0.06343442981112013,0.050641271598864716,0.07352073159987163,0.067120068081668,4.194739264736079,5.110185685066494,1.231143432946485,0.8097792108870595,12.388711,11.24949,5082.251,2274.6716,12.882796,11.6216,414.10605,791.29,11.743106,10.737883,502.55685,1327.5798,171.60031,209.88303,171.60031,209.88303,182,145,1.2372134,1.2028724,3,6,0.0032673194456097694,0.004091048224785518
6687753023246774016,6687753023246774656,301.5403101796051,-39.37929187780921,301.53609167713523,-39.37871660559959,0.03911983451231389,0.02810585347970623,0.02315549515705581,0.018654330417117768,5.450083168835793,5.418997965403135,126.61894,192.97852,-26.368596784571878,-3.072353665712998,-26.95041700153077,-2.8817512473792273,0.08944717949857005,0.05822104681774242,0.05208595462517227,0.0383429829193616,6.083008043284927,,0.14498222092732355,,9.391542,13.134572,2674.7883,1745.8557,9.616788,13.745261,744.2184,389.14322,9.058047,12.403986,597.20074,334.60294,403.16306,128.11627,403.16306,128.11627,176,158,1.175002,1.2527077,2,0,0.003311116189007552,0.004257546383019307
6687842049329020544,6687843389358808960,300.89695898845304,-38.85280823629829,300.95854793229864,-38.82977790568969,0.03249186517412332,0.02367636344233818,0.031974754809046865,0.023759173471560688,5.4235943354305,5.3781902271730315,136.2966,141.258,37.60721023306681,-63.04307340216978,38.10270056740103,-62.90070363583974,0.06694594569748731,0.04579727118637731,0.0650056118309011,0.04313353055425299,,-9.91120211525209,,0.3494415366595022,6.8724065,9.373408,3295.0325,3668.583,7.0040064,9.686212,608.48267,746.639,6.7001452,8.937588,324.41922,1095.5496,532.3714,396.66837,532.3714,396.66837,210,205,1.1487441,1.186081,0,6,0.05321269915124536,0.06575404270429788
6688151218255104896,6688151218255105536,293.6178235389566,-43.769849745898576,293.6156442548093,-43.76943687582353,0.031412660752882064,0.024164046734504244,0.041186835083754446,0.035761227500733156,10.657972169850694,10.820867333509103,234.34903,169.24896,-31.114870232400715,-9.826592367238451,-33.63714203227481,-7.145115317723654,0.06688554440897795,0.03780942940681782,0.08428797807452366,0.05887965014684964,-6.26235337942044,,0.5471337896156346,,11.314217,15.314467,1819.3076,1691.736,11.884087,16.597157,699.3347,63.8877,10.634104,14.131794,1077.8137,239.2426,540.4816,274.70126,540.4816,274.70126,236,178,1.2307872,1.4911419,6,0,0.0016269772602156116,0.002218048938493952
6688495227955338752,6688495983869783424,296.3348133419406,-42.47286679451999,296.33493871247714,-42.471093083807986,0.07843469975291131,0.06590002719188866,0.02786106435528607,0.022326217287464038,6.538117830015844,6.5134501488124705,64.27968,194.3997,6.606544910933728,-59.9942736012805,6.648928531859102,-60.317065015972474,0.14957487925498517,0.11557212706249444,0.054614924050793975,0.03942755842350417,,36.35566946651126,,1.3254007899030518,16.98567,12.435509,993.2495,4811.2573,18.42589,13.012096,52.55763,928.9409,15.76895,11.739161,161.35046,1010.368,279.1465,227.66573,279.1465,227.66573,199,190,1.5010904,1.2401199,0,6,0.0017761196974522167,0.0017781359512973475
6688599715919738240,6688599715919738496,297.9410634804098,-41.79793245128333,297.9390333819055,-41.7986589313907,0.04718480268134641,0.03731516163456077,0.022625027673349677,0.017477168624514233,9.528498759543966,9.549927393375253,161.27283,353.33112,-0.6629099528519866,-19.883276821669806,-0.35119331717102575,-20.360456597457414,0.09322935468745175,0.06808209861381012,0.04529762983780386,0.03246814548471846,,17.983089922513713,,3.325006071630033,15.122329,13.72987,1523.1073,2713.8298,16.682833,14.791368,192.44388,396.86487,13.905402,12.713894,347.62546,502.06815,622.022,304.45486,622.022,304.45486,207,205,1.4809332,1.3617657,0,9,0.0016787625184491593,0.0021561709773416002
6688939190135490816,6688939190135491072,296.830876998259,-40.822046722056065,296.830811613757,-40.82133423903081,0.13538059904356112,0.10475507282266679,0.16133847298022924,0.12357222453846824,9.34778412148477,9.288266984374772,59.541008,49.836555,13.89286190267984,-6.120821239133096,11.11609585986604,-4.280451933090518,0.25638625038305407,0.18455635602941367,0.30302704531011104,0.2183955093273832,,,,,17.216808,15.357091,809.2513,1215.8867,18.749092,16.872599,20.137798,160.38664,15.828569,14.122628,125.597115,182.88673,426.2137,3096.011,426.2137,3096.011,187,197,1.7088616,1.5095797,0,0,7.141990540826553E-4,7.154768999568299E-4
6688959634177544320,6689710257023894912,296.3807632302452,-40.60557142167454,296.377631883061,-40.60490809825584,0.06383906278683854,0.04498322421764474,0.04386145851673637,0.0316234277998109,11.45736873229564,11.450847963048291,151.59613,211.23886,34.10571669662958,-175.03576343239854,33.373377830268495,-174.6382909170831,0.11948165816023952,0.0801636967962412,0.08165039916201859,0.056491496929105225,,,,,15.656985,14.18811,1562.1669,1628.4772,17.288895,15.558108,85.982864,286.83664,14.399348,13.0363,418.02158,488.0428,513.6031,578.14655,513.6031,578.14655,214,223,1.5197736,1.4382743,0,0,0.002468160871519947,0.003200833195553133
6689017702137426688,6689017702137426816,294.2049897325296,-42.65859033192728,294.20456157873446,-42.65777945943795,0.032545287259804524,0.02548036225332872,0.03325510741408601,0.026385367798361842,9.481914913012616,9.474422689509801,222.92882,220.67453,8.020274270712477,-13.532129407222936,8.482039985853076,-13.859567593003296,0.06466853893690792,0.04570200248687632,0.06618011752344814,0.04791556811340886,,,,,14.688925,14.835205,2623.5583,2459.5544,15.823825,15.999861,343.46518,204.75172,13.628295,13.76003,437.38,473.03366,432.89365,403.47336,432.89365,403.47336,238,231,1.38933,1.3976225,0,0,8.698598950343776E-4,9.169677563913597E-4
6689128168693020288,6689128168696137216,294.7243057571625,-42.11824202974234,294.724276279692,-42.1185326074145,0.07403401945727141,0.04799301636690851,0.1523093387652476,0.08555447959202284,5.29635139649477,5.045638569405945,60.238323,28.837704,-21.26810969935398,-7.192458217666868,-17.425625328432858,-8.137264690785779,0.18789574744313942,0.10859268828314243,0.233434529126706,0.16156867179645587,,,,,10.039202,10.22544,718.8651,825.6049,9.812906,9.689904,37.95901,303.3887,9.059662,9.040825,67.70511,132.57059,554.97925,490.88107,554.97925,490.88107,154,106,1.9531983,2.4691017,0,0,2.913991622144474E-4,2.92069006956827E-4
6689129646164930560,6689141397195453824,294.69515385277987,-42.02003047026417,294.69420198086505,-42.018805199207854,0.0616741217661131,0.044224619145492354,0.04267678207550376,0.031818651765532745,6.592852854838078,6.814595813947437,86.52342,116.23892,-78.68966317842327,-85.29549560760913,-79.75037617421798,-85.84906636729062,0.10025173232509582,0.06935519618838683,0.08065496836420918,0.050954718480155335,,,,,15.620338,15.469511,1770.7946,2041.5319,16.773808,16.603685,222.03242,157.49898,14.546051,14.412789,429.43,487.31693,310.87018,322.51083,310.87018,322.51083,218,231,1.3992816,1.3854359,0,0,0.0014146972723799787,0.0015515635029432209
6689146173196172160,6689146173199187584,294.51536604631787,-41.94975620414506,294.5150607376458,-41.94879426429672,0.03784024456999555,0.02740908225798831,0.02766946802809982,0.020002044863595213,13.216349059355153,13.15298488868927,249.39857,343.2792,-1.3206769966568395,-98.47179608005231,-2.864186989524992,-101.58425779999041,0.07182704983968037,0.044257213028308144,0.05331372070839141,0.03232316583704558,,-66.06049180298328,,1.1357366171858327,14.2315855,13.08003,3184.8923,2299.5378,15.407746,14.068187,170.43152,435.96005,13.147624,12.104931,371.59674,598.6834,433.14474,408.8805,433.14474,408.8805,231,227,1.4042957,1.3409147,0,8,9.88376827821927E-4,0.0010092282482475103
6689625762130495360,6689626006945491328,294.83543877595565,-41.01721672258937,294.8386768651124,-40.98819169594439,0.1232590028587434,0.10248350505096565,0.05056310395792228,0.05378916839739231,7.410092222241619,7.489193464543806,47.82281,79.703865,4.757236504169249,-36.57396047373778,6.1295291493164745,-36.25978915070122,0.22370661979218712,0.17582506617959173,0.09514600915442765,0.07489411259779662,,-17.99357763147621,,0.9328610823337243,17.462973,11.743605,692.6196,1278.0991,19.293913,12.275548,22.61739,447.76172,16.138062,11.0506115,163.30019,256.60962,318.13153,361.49582,318.13153,361.49582,204,208,1.5791765,1.2557191,0,3,0.029127717424179644,0.029205091904133704
6689633772246601472,6689634150203722240,295.05228332992937,-40.83252840636874,295.062564943952,-40.82629469568605,0.038512800694066415,0.02988956396330048,0.03398719076584343,0.026044049596995408,7.686914571054394,7.639237657907117,141.31511,155.84552,-63.546200796299956,-41.67306586628638,-62.67614157705112,-41.699932385247784,0.0788503633699528,0.04952693807297144,0.07081893937265316,0.04284695560157993,,,,,14.895576,14.600063,1977.2733,2859.626,16.104488,15.724881,185.41342,361.69608,13.809562,13.555345,400.7434,468.27936,350.84088,306.13855,350.84088,306.13855,212,211,1.3991106,1.3752726,0,0,0.009969081691263775,0.012023757141001911
6689636349227032192,6689636383586772864,294.8896620058916,-40.81758184203178,294.8912741123439,-40.81114508170787,0.03176531438634692,0.024801053052042003,0.03819611431505315,0.028926940868559542,6.900639997543089,6.850440966049883,174.36807,145.81622,19.111196350337146,-15.634151874094096,18.640929633573652,-15.719189698533203,0.06533515135034862,0.0452606742501941,0.07867754204779055,0.05264788294129567,-1.9179771758909716,,0.675785823720034,,9.407518,15.06414,3589.8882,1839.9586,9.660706,16.27929,1068.0614,217.76273,9.034078,13.977779,940.38196,593.3481,479.0404,338.11194,479.0404,338.11194,209,222,1.1815705,1.3981,5,0,0.0065513746021603585,0.006635568602698235
6689963488296284160,6689963488296284288,295.28547774160074,-39.97380751386726,295.28479940773167,-39.97454993751319,0.04302634205422807,0.028175911134977093,0.0370959793697789,0.02426682148420955,6.770960141027481,6.837357889748822,120.80619,152.75946,-13.188419017667787,-23.323191796724885,-15.83084752091572,-23.418313491992873,0.06618652863514937,0.04638410764465738,0.055466730894848174,0.03936407988356197,40.47663534531228,,2.805552687325658,,12.942208,13.791767,2597.3618,2185.622,13.6478815,14.7035885,512.72473,242.80034,12.141734,12.83472,985.8603,1203.1237,259.14807,322.78638,259.14807,322.78638,218,212,1.2732258,1.3451641,5,0,9.063202812394439E-4,0.0010056488989566615
6689968745336205824,6689968745336207232,295.5511017250047,-39.84643693065029,295.546745511453,-39.847799275024144,0.05500727626739011,0.04151170116705232,0.06402386035435845,0.046428239684945874,11.462570260149128,11.271542715167543,158.81494,139.09988,84.64024510010603,-119.95263448704367,84.88597794953188,-119.5628984360546,0.10853861847477835,0.07248311903173116,0.1237982227403701,0.08027129495683769,,,,,15.729088,15.780293,1508.973,1090.0261,17.437523,17.486273,166.29202,130.37062,14.466016,14.523699,431.63992,424.26804,481.05493,554.21906,481.05493,554.21906,237,238,1.5154825,1.5077165,0,0,0.0036113360816046507,0.004564271979256838
6690161915784769024,6690162706058752000,298.57862001394636,-40.8133039193577,298.58053381538184,-40.79804423008705,0.030416874662164778,0.026063760267438243,0.08409062046763478,0.07316047923388061,5.174004201781427,5.066697116052453,150.59096,50.3066,19.656909960302695,-39.16742041438247,19.96954083196744,-39.18509490656581,0.06415921307016179,0.05088730986652523,0.1725534037353745,0.14282562617927497,-11.605689562739713,,0.26427539760299945,,9.212535,17.083378,3675.9648,841.26807,9.460715,18.556602,642.4667,51.09237,8.852862,15.879914,487.5306,285.79874,388.22314,263.21683,388.22314,263.21683,169,173,1.1766828,1.4794096,3,0,0.01532829410629216,0.015379231208718544
6690416968120938368,6690416968123220864,297.90012993280834,-40.423335367502794,297.9003782886122,-40.424138811944694,0.034603209417727945,0.02865612184085245,0.07900875655837096,0.06613962814328682,35.227124557066006,35.04478279125842,771.86554,322.7999,55.59546583963416,-197.09338356657423,60.529080851490235,-195.91735601024226,0.0722289591206382,0.04884448936240444,0.16443462323779254,0.11300626364664276,,,,,12.397532,15.709935,2519.944,921.9244,13.850225,17.866463,360.72684,23.73048,11.229607,14.116189,570.7974,31.47864,1076.9976,1159.1,1076.9976,1159.1,235,237,1.4414519,1.949528,0,0,8.253901086396591E-4,8.409539681447253E-4
6690465587152895616,6690465587152896896,297.2093725046358,-40.16661380637689,297.20603088858667,-40.16761313237449,0.055010102996569415,0.041282875468578124,0.016925615118691416,0.012564350855168237,7.53498108798864,7.583226910175426,117.34441,408.2982,29.253408259303125,-25.21609540373874,29.625764199278468,-26.12752793316554,0.10953941130667784,0.07662182035956377,0.03417873274111124,0.023860924647992637,,,,,16.193882,13.115765,1053.8254,3220.0408,17.653534,13.921683,138.07791,885.3803,15.009799,12.249796,533.0971,992.0933,319.92352,249.51079,319.92352,249.51079,212,210,1.4589498,1.2948347,0,0,0.0027421293445418927,0.0034878432116676895
6690520150413677440,6690520150416542080,298.1886648701059,-40.15062531679543,298.18831340726393,-40.14978934963427,0.13299138384447018,0.08966219774821436,0.033455388954290226,0.022380048481273864,6.844546062976034,6.902925761826999,46.94707,193.33817,43.957421325182786,-29.820894038650508,44.87319099226348,-29.36804128454545,0.24039310819575668,0.15459682171622507,0.06667922207694903,0.04013281010852177,,,,,17.511482,14.186275,622.8595,2562.5005,19.014215,15.216701,26.01904,215.66689,16.108002,13.187177,37.67634,495.2091,242.47818,232.06267,242.47818,232.06267,192,188,1.7354269,1.3530219,0,0,8.780718302151022E-4,9.068446525374805E-4
6690611680461769600,6690611684759957888,297.68035074015296,-39.388621529707,297.6815436537545,-39.392289038938515,0.02794398134701369,0.02122487012216277,0.02620477430106249,0.018668685365432727,14.05975842766218,14.09151242340891,438.47406,450.99756,39.08606100799062,-77.80952429155016,36.15374566961125,-76.99158218241948,0.056222929200793116,0.04035991917459767,0.05247123863849177,0.034550332454958886,7.725831501806876,8.75698019604074,0.7862000354601707,1.831939376816376,12.311419,12.934315,3975.5972,2085.3687,13.18109,13.923584,395.3661,357.26526,11.406519,11.961056,717.52203,497.4,235.92519,411.3428,235.92519,411.3428,217,206,1.3094598,1.338842,11,6,0.0037816107459237307,0.0038566393173251343
6690675177258566016,6690675181555719680,299.642555979169,-39.80582317390165,299.64199081451255,-39.80523891261852,0.03437701817353475,0.026435779282465745,0.030529783614414448,0.021380419889759552,6.899946141538932,6.941254313924602,136.0363,176.4282,20.85974596039393,-79.08141859204244,22.30691910369922,-77.4480239643978,0.07264050977517014,0.04584926921227718,0.05884594985187064,0.048192072703802866,18.604396959788307,,0.8601768823979181,,10.454975,13.021555,5083.713,660.32074,10.815114,13.600457,364.97522,50.688145,9.94686,12.074112,675.23193,106.1283,329.04736,126.89574,329.04736,126.89574,192,137,1.2064513,1.4497056,2,0,7.279192067037359E-4,8.128790413495421E-4
6690779699582371584,6690779703878098688,299.6769440911562,-39.066044065790614,299.67682474455376,-39.06668115373045,0.0627627672222562,0.05430790401067447,0.08482074636502943,0.07231284787646962,10.554306002591801,10.698307457871145,125.80007,96.60766,-80.60322105400351,-183.40733769629944,-80.90006432120865,-183.8953063968735,0.12414850049930412,0.09577845254306416,0.1672966396716325,0.1302013034944723,,,,,16.14376,16.911491,1190.8671,1023.0307,17.778994,18.632425,35.521748,24.697174,14.837799,15.613275,75.06912,67.18801,497.02246,433.69296,497.02246,433.69296,222,220,1.5810246,1.5586007,0,0,6.437914370865987E-4,6.481702358177179E-4
6691236718464701440,6691236722757684096,296.7802923313838,-39.873795549819114,296.7807722562326,-39.871035217036756,0.10856233354217398,0.07819102923540218,0.030047342535020723,0.019570614412128522,6.150847040474859,5.868819128380736,49.33998,179.8716,2.202872685634519,-27.880294461935083,1.9866961511416532,-28.039684683017807,0.20919203074200857,0.14213776913142376,0.05979732214644115,0.034674520077435884,,-19.504804240938135,,4.9027819227506155,17.474699,11.635619,758.838,1395.2559,19.01887,12.082774,21.454453,483.74673,16.186438,11.051065,147.08821,607.5232,313.6899,403.1103,313.6899,403.1103,215,244,1.5723112,1.2155421,0,4,0.0027847987183596775,0.0028017431948404916
6691788505798612992,6691788505798613760,298.2259886478559,-38.53382121219929,298.2245031137561,-38.53399750959142,0.04408839679235185,0.0329572883772193,0.04244493633750735,0.03162053201753205,5.427164582835236,5.480776184462667,89.827866,96.17566,9.578728786975164,-0.14949651297055,9.418508072209045,-0.17138528908550105,0.08813945829230693,0.05824829739805216,0.08427141859506694,0.056825056185564646,,,,,15.833296,15.746753,1332.5022,1702.2799,17.084164,16.947773,143.51518,87.7937,14.722173,14.649127,313.2431,655.6288,262.19672,270.7807,262.19672,270.7807,208,208,1.4170818,1.4133204,0,0,0.0011753408392237703,0.001495958666587936
6691891138337631104,6691891138337631488,297.78174218736143,-37.60937360088622,297.7807388960539,-37.609288997020734,0.05452032128402301,0.043173279851776346,0.06239303899813742,0.04953490959136922,9.786927926332842,9.832294668180904,132.55025,117.00965,-8.852441187349335,-54.79283396620575,-7.448304920943071,-52.45173551906216,0.10213864384150881,0.07392752338135616,0.11470378558952064,0.08462032975749172,,,,,15.252784,15.616895,1868.2368,1484.8032,16.752878,17.174578,337.07443,161.37671,14.043367,14.383395,615.84576,457.39047,479.09857,474.40536,479.09857,474.40536,209,211,1.4818918,1.5014858,0,0,7.992878376070509E-4,0.0010068521549076418
6691902373971944320,6691902373971944448,298.28320781564213,-37.60858626107991,298.2844148712691,-37.60661538276447,0.055319069031426985,0.0430086006979245,0.06163379755257328,0.04831207988232701,5.769949396307525,5.908243788123009,74.15071,71.92284,7.912700356175714,-0.9959800657250001,7.747558615371578,-1.0922226307706886,0.10986135189492702,0.07151036970030365,0.12194548267193338,0.08240645746973324,,,,,16.100683,16.393917,1105.3219,1143.913,17.377962,17.743546,107.59964,55.554745,14.987906,15.245563,462.09598,345.13626,299.50854,311.01837,299.50854,311.01837,223,228,1.413322,1.4382937,0,0,0.002190606354583488,0.0023111349205366984
6691960648088088064,6691960751164874752,298.85253305732044,-37.267808407099736,298.850153578833,-37.25096909472074,0.026449400937883366,0.01862822832320981,0.03650931618969206,0.025853279883462952,5.9414622733036175,5.95510280680365,197.52458,151.94109,75.99517613939754,-8.625965234795178,76.04256030536547,-8.390257404885926,0.05242588130785108,0.03577498759123459,0.07411846949117035,0.050971126702693624,,-34.28849088940428,,0.6935801455949525,14.308781,11.432345,2643.6904,1624.0674,15.183473,11.808776,281.7024,644.99567,13.394435,10.908093,580.70276,1388.1273,151.30418,350.45554,151.30418,350.45554,178,158,1.3165089,1.2088013,0,8,0.016945472759597142,0.01700659752183685
6691972296036742144,6691972296039270912,299.28943363868905,-37.251721637367645,299.288616485971,-37.251538850057436,0.08776628929134304,0.07436466870775887,0.04138333660190398,0.03420723423793001,5.14679994552476,5.101114260139279,44.956364,97.7327,-19.229900073212548,-46.408286184138504,-19.126842296160216,-46.46626462027438,0.17272524539667053,0.14156486821666767,0.08200108950395392,0.06468087495444222,,,,,17.362906,15.91246,986.3712,1281.8113,18.79834,17.165041,33.9799,154.1746,16.078684,14.791441,136.79169,342.9045,306.25635,272.7177,306.25635,272.7177,228,221,1.585755,1.4275719,0,0,6.756366327617349E-4,8.373468608788539E-4
6692089531464217984,6692089531467229056,297.32528045723046,-37.46108823921014,297.32519509138695,-37.460113288129925,0.03169946174331786,0.023867120835370067,0.04059134771678457,0.028231747233281385,7.272413086936098,7.216255371361444,167.93756,132.1416,11.104741719256383,-97.0741278759764,13.13759387633684,-96.29551049361567,0.06624700539364566,0.041210259541588926,0.08553212295727712,0.0453499371994846,,2.5982521771788853,,0.13327692613993983,14.788929,11.292561,1255.3545,1824.9303,15.603858,11.719332,24.497417,748.33777,13.675761,10.730403,105.3892,1194.5405,269.7822,320.11035,269.7822,320.11035,206,189,1.5337797,1.2098458,0,2,9.773030039017586E-4,9.786812228989633E-4
6692248376537478144,6692248376537478912,298.38048225347586,-36.63126672499822,298.37851598590896,-36.62933826787249,0.031905189172203384,0.026786811403392903,0.10248826048619208,0.08415993589317347,8.842310087208132,8.999880508510968,201.70778,63.198067,-1.9965178805881778,1.341799898017558,-0.990897626053881,1.1256000685871732,0.06160020817375232,0.04809929732064176,0.18489098694923886,0.15030600205235942,,,,,14.352478,17.430681,3468.6035,854.91266,15.453153,17.437887,274.55786,130.76308,13.309696,17.326315,688.7312,76.655334,282.45453,215.54848,282.45453,215.54848,204,208,1.3791351,1.1973221,0,0,0.0024917507311682527,0.0027541160161502856
6692257962904846208,6692257962905064576,298.55614389008275,-36.43038705161659,298.5570303179846,-36.42967092947132,0.08195599201540982,0.06685673965654433,0.04965214387434696,0.03836552752321942,8.5197142038484,8.366486124775086,75.567635,127.01745,11.935541909307494,-33.61480127354156,11.344680144130292,-32.12654455547897,0.1665678402683619,0.11625761043681254,0.10285412819478562,0.06771761003277557,,,,,15.656307,14.885809,1333.5482,1066.6244,17.270601,16.196413,95.8362,111.994835,14.396558,13.757614,354.6605,391.48148,773.10657,417.32056,773.10657,417.32056,183,177,1.5250847,1.4234672,0,0,0.0010106886908003668,0.0011395548920934574
6692307818882193792,6692307818885105792,297.90748720576,-36.271062665946,297.91042468528036,-36.26986176553985,0.061681676016538414,0.05052742658782116,0.06310383535754754,0.048224393637084466,5.746400342476532,5.950816882551952,75.01149,80.04816,102.59261552187967,-90.37794224050235,102.76379754726003,-91.41907046244799,0.12147063804715434,0.09199131321698,0.12356981322123256,0.0869687171325686,,,,,16.187515,15.554105,1084.6406,1300.1512,17.681597,16.910452,79.69107,175.99788,14.98462,14.405018,546.57367,627.40497,325.864,511.16425,325.864,511.16425,217,207,1.4751421,1.4378171,0,0,0.0026553678481293537,0.003173475652667462
6692348908833833344,6692349016211718656,298.1263730903463,-35.71386231124252,298.1257122784365,-35.70351921140034,0.027509367272919926,0.021132921604518892,0.03291918174597752,0.024406480906092598,12.391190651523727,12.368911671115296,358.3999,298.3774,-18.542403858816083,-22.236120447824952,-17.94452077551781,-23.009607703324416,0.0564897755224569,0.03943038653622337,0.06607071048552415,0.04474181875535382,20.110272648715153,20.54198680212223,1.0743675542644666,1.2595846765608345,12.453859,13.011636,3476.4873,1564.1202,13.363113,14.051884,619.0504,622.9513,11.528523,12.00918,897.9295,1124.4703,435.99908,574.9609,435.99908,574.9609,221,200,1.3163058,1.3537775,8,6,0.010357008647030905,0.010364187702154906
6692426600499218176,6692426669218695808,303.446362749797,-41.133755297772964,303.44178634028424,-41.13321736832106,0.02749580105269035,0.02353886550101485,0.026453888956350573,0.02317471169768191,6.45428424741928,6.458477244304312,180.737,182.99042,2.74141554299148,-22.58145247656608,3.021032296283466,-23.372405509648996,0.053290879233655906,0.04486845508925088,0.051767587322958664,0.04390605966490149,,,,,14.638683,14.643297,2698.874,3135.1726,15.657254,15.656067,241.27815,450.28775,13.646043,13.655107,522.3466,914.026,262.07794,245.45332,262.07794,245.45332,195,205,1.349798,1.3469878,0,0,0.0034885789642078793,0.004607916245305545
6692563489697066496,6692563558416546944,304.15877891941057,-40.44171223409872,304.13553699231045,-40.4360884906669,0.05675465688702597,0.04290051158811621,0.04107481469876671,0.030078044538337786,5.207283165253611,5.20338014116161,74.8614,104.88595,23.246430866646715,-44.45407698983765,23.13162309196108,-44.7950679376507,0.10207306794817014,0.08174553324067414,0.0728193095365287,0.05728022336973766,,,,,15.782898,14.97777,987.4952,1952.9711,17.068636,16.05285,190.15184,255.12207,14.671909,13.954276,459.1501,579.5418,231.83835,254.91219,231.83835,254.91219,166,178,1.4096122,1.3658813,0,0,0.01856181248161354,0.023912625650775562
6692567303628035584,6692567372347512960,304.144774989244,-40.35602544394273,304.13879453665766,-40.35534617571637,0.07047970581431856,0.05274593527477572,0.10227380739661926,0.07868848492601152,5.797475929792883,5.975820517477194,63.31255,44.657616,-1.5481674505155456,-10.418515685376235,-1.3596639082517887,-10.577799325245717,0.12691787536534724,0.10266715089587863,0.18249017489724423,0.15193712274698157,,,,,16.4885,17.01242,500.24432,919.9585,17.997698,18.652382,47.77259,44.231846,15.288988,15.7769985,195.08238,234.92194,235.10236,245.36592,235.10236,245.36592,176,172,1.4685689,1.4910932,0,0,0.004607684369956964,0.006018905088220025
6692595444253828480,6692595547333043456,304.457236811527,-40.184689859177496,304.46035109857206,-40.18592471438693,0.04518773454753851,0.032152436081829876,0.03976746225809533,0.029628287110108585,12.680564643124365,12.701257193215943,263.53983,250.48204,43.84944373191102,14.21009660763508,40.12280291976357,12.546008268195862,0.0877927969621615,0.05824999206332878,0.07959536721313937,0.05336229308505265,-3.9158324339736907,,3.484300394266247,,7.2314525,7.5176606,3739.5833,3099.1064,7.523754,7.7865553,578.2546,761.6474,6.8317533,7.148093,326.49014,329.26135,302.4668,361.95187,302.4668,361.95187,150,176,1.175733,1.1710901,9,0,0.002680566820527652,0.00335017181457094
6693000683007815680,6693001748159706624,304.7061787996048,-39.54195491306254,304.66034827409726,-39.51001066238764,0.03516890508762984,0.02546896878837858,0.05874172420575453,0.039291388992274544,9.090225993136608,9.081873631785282,231.25685,149.06235,68.93488189057328,-23.07179986694382,68.98483285074728,-23.310308616844736,0.07201253305956938,0.04881901892033436,0.10301948482593591,0.07788749015011942,-16.65721090672885,,0.46647639644333116,,10.5659,15.200203,2252.8857,1402.6128,10.966204,16.525105,673.87585,289.11716,10.031024,14.068622,989.9903,384.5402,277.8374,234.88426,277.8374,234.88426,180,146,1.2043163,1.4243596,10,0,0.047645667214349166,0.05586476724625237
6693113073711956352,6693113108071736448,306.08150665543087,-38.56832987084657,306.0893990833444,-38.55399958053268,0.0252349138584699,0.0185811084245375,0.07621135260674985,0.05892927713395043,8.232043629500968,8.038792845806746,245.85739,71.95712,35.89607936838168,-23.873818258582276,35.924585810349164,-24.28472542959355,0.04952662372610047,0.034061956844158164,0.15211667332131726,0.10427903807597327,,,,,13.791391,16.411798,2983.539,999.99695,14.814198,17.972527,316.68045,81.33845,12.795265,15.195132,561.30365,422.54117,265.9301,310.37988,265.9301,310.37988,202,178,1.3520982,1.4805837,0,0,0.015602684655601646,0.01635994006256003
6693376952207186816,6693376956502550272,305.55173972132104,-37.99917952651795,305.5518279344637,-37.99811723962909,0.031065051565522802,0.0248121772833733,0.03196944587922686,0.02654033270343511,8.535910879598076,8.455691862044562,196.32281,179.80887,12.225496863898442,6.12923657875724,11.429471268855872,6.989904398735005,0.06255472893584058,0.04266090044741911,0.06509365905209515,0.04564696877087905,15.584389301662078,,0.6173984367742994,,11.618822,14.6507015,3749.613,2132.4028,12.134712,15.6077175,931.0959,40.333504,10.975763,13.569509,1553.2675,176.11243,310.0207,293.1239,310.0207,293.1239,190,195,1.2261564,1.4568546,7,0,0.0010645589022323973,0.001065943240881126
6693649394866449024,6693672862567753472,303.12547372638613,-38.76999710597457,303.1288351182801,-38.770674563169464,0.21488415381272347,0.23617229126989636,0.08351843419793825,0.06044992365808941,7.986538852597368,7.8852771264444,26.460213,83.55934,-18.03386746036078,-1.5905652678017246,-15.468055835687988,-3.981741544351441,0.4230395346845566,0.40466278585853893,0.16834935549913965,0.10996599525170986,,26.57304952043753,,0.5168943209861672,13.538556,10.564248,229.43663,2538.5037,14.249225,10.992066,28.627348,906.1963,12.285831,9.996026,25.400635,952.06854,10168.96,1061.109,10168.96,1061.109,173,197,1.7315664,1.2133735,0,6,0.0027068951229878013,0.003428979981831047
6693727769431822848,6693727769431823232,302.94649933379145,-38.41381821224832,302.94546257422525,-38.41298624626493,0.05886670305584851,0.0506505704654616,0.05740658565262639,0.04670187634355375,31.881563698370073,31.845781194176293,401.82568,388.25858,-29.96453268945359,-62.927090442088264,-39.49576493618062,-68.06123610055405,0.11777930334093455,0.09550267003468532,0.11620918067323273,0.08687006198470013,,,,,12.970249,13.024792,1475.8052,1733.0938,14.44036,14.506327,374.5244,419.41614,11.790879,11.834348,574.1512,512.953,2068.5479,1584.3799,2068.5479,1584.3799,210,203,1.4516276,1.4625874,0,0,0.0011627904347827774,0.0013292997388257687
6693728009950070272,6693728387907082752,303.0811124027818,-38.43640353619345,303.08132115280284,-38.43118488194795,0.07127158644404939,0.051795556191871484,0.03896115405336267,0.029528988104444962,6.133851338235366,6.094111432831287,68.39368,117.16045,-63.691866710827654,-85.08113944695876,-64.13391323774815,-85.06115771546214,0.14213386251915205,0.0928906566150382,0.07755122083860107,0.053382082960177796,28.17509170436627,,0.956393292194806,,9.615168,15.047575,3437.851,2051.5696,9.976129,16.306496,595.95953,247.34659,9.129495,13.939268,585.4371,704.0516,1448.3386,267.40155,1448.3386,267.40155,183,176,1.1921378,1.4122993,8,0,0.00522121544920044,0.005222827654192281
6693910872477578752,6693910872477579392,302.437593105104,-38.31683811503804,302.4340995951148,-38.315690450892724,0.03034168632540681,0.024677780753131113,0.04758436450168568,0.03973378029448164,5.2313667156239925,5.245902873781866,133.04507,85.3279,-36.587575297868234,-46.744208031255226,-36.31996754106008,-46.89865646725592,0.06016028785402967,0.04567059454906986,0.09352467647858868,0.07457919350873025,,,,,15.04017,16.24865,2374.6995,1253.9929,15.998214,17.417917,384.27335,202.57951,14.080651,15.168737,756.1044,304.30853,225.40625,194.08165,225.40625,194.08165,191,191,1.3343127,1.4015732,0,0,0.0029715762251504834,0.0036771925480000973
6694184444713547136,6694184547792762112,304.3119750077042,-37.72359843937307,304.31292078021846,-37.7230720426836,0.09274937531735408,0.0811379809839061,0.0212753329275251,0.01818159016094308,10.25836154212384,10.51311602523434,84.45985,404.46722,64.3592817673942,-36.002684579840675,66.83365747383867,-37.50532065251763,0.18928053427917899,0.1600041955038313,0.04401319335426058,0.03646747370978124,,-32.113530064758564,,3.089036505639017,17.195393,13.463477,661.5334,2617.5542,18.710663,14.4961,26.656734,411.47363,15.668442,12.46141,70.53293,1125.5232,397.7251,260.59882,397.7251,260.59882,221,210,1.9202038,1.3553774,0,6,9.147239659234276E-4,0.0010823950865860052
6694449186496990976,6694449220858686848,302.868228220483,-36.769493535514165,302.86847765041875,-36.76456493993296,0.13636014375167205,0.15296282511184153,0.05113302300316859,0.04151888216411638,5.704709057205159,5.517302972476958,46.671753,82.86539,26.472996757476764,-14.553517501737302,25.86592618256863,-15.70803208342625,0.2981003667185413,0.3725889937724234,0.10113785718416515,0.07998086400184384,,,,,10.5295725,15.856875,424.4169,1286.4077,10.627115,17.188362,255.69638,107.35559,9.776437,14.690843,388.09528,192.44719,1092.7025,297.01346,1092.7025,297.01346,122,189,1.5226448,1.4619964,0,0,0.004932644257078001,0.004934903210391396
6694524292590872960,6694524331246180608,304.1895639055948,-36.27626980308073,304.2004098120607,-36.25835931666766,0.0783112094592659,0.06500777672262835,0.11889213246221153,0.09677649188259214,6.138973709393674,6.4203693259068775,58.18339,39.4351,-49.046649624422095,-13.017336920763505,-49.467985170616714,-13.454421602905168,0.16143886829625395,0.1260837619986591,0.2412336397724835,0.18876723631608505,,,,,17.130522,14.900741,941.257,328.7782,18.638275,15.918814,43.975292,143.2145,15.94082,13.769658,334.53278,90.461975,310.0868,3525.4524,310.0868,3525.4524,211,217,1.4572446,1.4944749,0,0,0.01993125748566314,0.020938462470280417
6694677610038392576,6694677610038424704,306.08779462204336,-38.05698857727914,306.08861398392315,-38.05714275197442,0.07488608843773309,0.05825768804147757,0.0710008465654361,0.052950598593905586,6.139530810553239,6.155600947216017,54.73604,60.626396,63.71352016129752,-76.80904806230868,62.88924128587323,-75.49098462403894,0.15997441764926337,0.10972169893754141,0.1538605540891641,0.09981980571466958,,,,,16.513683,16.278074,1150.1095,1108.2551,18.008081,17.715717,90.55768,44.698196,15.291783,15.051089,328.56836,230.59184,328.1985,285.0105,328.1985,285.0105,187,166,1.4978676,1.513964,0,0,6.63329049781804E-4,8.33740803079242E-4
6694754644571859584,6694754678931598080,307.53411780880305,-37.484173360365354,307.53753017866416,-37.478771534247684,0.06655733116945603,0.050525215985178035,0.03629323957244825,0.02602831398999861,7.519220910510244,7.42458545893724,73.61687,122.046135,47.55374591493918,-24.355210932993877,47.703136574993714,-24.642029179347922,0.14443726411495716,0.09254295526668627,0.08300105367402434,0.0477331199239455,,,,,15.985299,14.065689,1059.999,1745.9487,17.515999,15.1274185,95.11242,263.51535,14.779195,13.050731,563.16644,506.73438,324.41644,263.42413,324.41644,263.42413,177,158,1.472821,1.3606899,0,0,0.006042547091079282,0.00638936565509792
6694804947229041664,6694804947229041920,307.63782205125915,-37.043676456799425,307.63753097568167,-37.042760179559274,0.026520910833324567,0.024213589700576778,0.03945711052888894,0.03377875704597379,10.76378855108679,10.819395868251354,230.13324,162.30775,7.994757803725136,-30.1223390654631,7.82124986030108,-29.373735399434647,0.06080386245133991,0.044712158980106956,0.08935624452013148,0.06259781627922942,8.737528015922118,,1.7505407551853587,,13.490781,14.388467,2636.906,2126.5347,14.5815935,15.636724,545.1656,139.62215,12.4617,13.271344,563.4333,379.47305,209.9686,305.1437,209.9686,305.1437,165,168,1.3676043,1.4242077,10,0,9.452733558500634E-4,9.61399486490159E-4
6695456579667760896,6695456682744776704,307.52418982429657,-36.095870076094,307.5268024004422,-36.095852740508306,0.024788290175196015,0.01781569285411922,0.10425493734713212,0.07548399411613624,5.243057301747577,5.4348675903231225,142.18138,35.602962,-13.968229034872765,-6.137134973866697,-14.237606566413083,-6.0505544552441775,0.05502680636068821,0.03363957840731312,0.21865925732833055,0.14453926348982238,,,,,13.936983,17.258566,3071.2834,920.6045,14.713342,18.64437,597.52747,76.77116,13.0896635,16.089834,1007.8979,242.93752,171.52252,275.09766,171.52252,275.09766,195,194,1.2883599,1.454604,0,0,0.002111117456647794,0.0026126336595873583
6695510936774162560,6695510936774162688,307.72693082799765,-35.44059301656637,307.72425269898866,-35.437421398810386,0.03468491485513526,0.02327975572848599,0.050758241925148564,0.03555177338136027,5.183130272752627,5.082662764309126,107.14393,68.80278,41.672897420880844,3.3218969598097416,41.948244265964355,3.4660665025588444,0.07253074777610946,0.04456520124556485,0.1040841731861401,0.06856962016529423,,,,,14.764357,15.56876,2551.5059,1647.6431,15.710825,16.693316,272.73523,240.54385,13.810506,14.523472,696.59235,546.5737,187.54388,211.92809,187.54388,211.92809,167,166,1.3321975,1.3759217,0,0,0.003849689814942817,0.004151088312577881
6695691394119678720,6696442016963830656,307.5892874311947,-34.621906005995115,307.5870764732313,-34.61995666591397,0.0377445801617561,0.027519644699868694,0.13257970544384104,0.09230546092298346,10.29407067466857,10.516221706188157,185.8717,52.873844,-98.44409990247411,-39.43188749749871,-99.06977373878055,-39.402442876252955,0.07676665451980912,0.05163873701085755,0.25232956280683305,0.1793778358265555,,,,,14.395258,16.531563,2613.1592,953.10486,15.623163,18.373472,360.423,82.05005,13.299139,15.22549,716.82935,424.08313,475.44452,807.88385,475.44452,807.88385,224,198,1.405765,1.5529848,0,0,0.00266652687467295,0.002947585769364208
6695695208049261440,6695695208050554368,307.9891621665462,-34.77154118701913,307.989829966926,-34.77129110053429,0.043323312609429586,0.049522125684298014,0.03563327456191284,0.034085648382223006,5.152889743632096,5.267580880571411,81.60484,91.92255,77.98971367926035,-55.82640521836168,78.27533359635854,-54.96959017497859,0.0899708894171044,0.09126707828193197,0.07951803433654274,0.06255002265711741,-63.22103390077871,-64.25239795539717,1.1779352681795898,0.5652388070161443,12.842278,10.685646,1218.9048,2275.5974,13.2651205,11.0557785,36.753006,761.8585,12.009741,10.171248,189.22937,546.7392,288.14435,260.30466,288.14435,260.30466,103,173,1.4138153,1.2055784,5,6,6.028719137063637E-4,7.130922781538876E-4
6695767054263204096,6695768531731953024,305.49759329725333,-36.60667462880463,305.50848153653726,-36.60501529328778,0.03755671965020955,0.02708999301890358,0.09831655288114613,0.07565431401436373,5.2897459361634755,5.0316888887662,104.28294,38.57415,24.77079087572215,-1.9203497834929308,24.503765445232407,-2.507807209045694,0.07505846623949364,0.051187605752310184,0.18548028826170398,0.14006657880571216,,,,,14.538223,17.197344,2506.82,934.8155,15.572509,18.700178,408.97852,64.34764,13.507369,16.000147,171.16191,228.36385,333.09488,221.54237,333.09488,221.54237,186,178,1.3837495,1.4669029,0,0,0.00889671825437772,0.011013952472277821
6695822751399049088,6695822751399049472,304.55441173537224,-36.330303491855204,304.55352024768035,-36.330086895629826,0.04206821720350492,0.03557734303582368,0.11662568958678979,0.09810006840726557,7.939792060286357,7.78510638181659,147.94482,51.372147,46.32338340549602,11.359732348664174,44.44299515580514,13.221226999391618,0.08563038375998869,0.06968242328014285,0.2348111014631088,0.19293104989319318,,,,,15.700189,15.270303,1647.8475,1710.5277,16.962841,16.561405,135.19426,209.22083,14.555197,14.111481,284.3137,206.14407,339.11057,3981.9583,339.11057,3981.9583,231,231,1.4521422,1.4618936,0,0,7.501471320738423E-4,9.174226014416099E-4
6695867384699431680,6695961186785418112,305.175502942977,-35.70983003208113,305.21642994422945,-35.673590865142934,0.05779653778801992,0.04307490896389821,0.03686298452560979,0.028661691630233316,7.078798432396442,7.025544082069222,85.29599,130.09126,36.328464393418265,19.628910265815065,36.82203202931394,19.79980316682846,0.1189739096803361,0.08116938104748941,0.08151646226291558,0.054741972658603574,,-14.260136894482985,,0.17062705186469368,15.771509,6.03417,992.3186,1524.5468,17.198347,6.7409153,76.43262,285.66635,14.585503,5.258031,676.31323,164.87952,359.04398,438.4077,359.04398,438.4077,186,177,1.4670628,1.2531114,0,9,0.0491746684729799,0.054665314888800574
6695911880560604672,6695911949280082432,306.38769092250925,-35.805496877370054,306.3813409878255,-35.803921983780235,0.038056249439186146,0.0336619397102676,0.032227570568705705,0.02474154934332058,9.24703468114806,9.18211650722344,138.23268,210.9619,43.405533429170205,-13.240501279589806,42.71883670775719,-12.834416600126996,0.08837540404994804,0.05614503633769743,0.06864923610569693,0.049147566802972754,-14.509726941723835,-14.81207587721415,1.4904789097808926,0.46207759300276263,11.831132,10.135486,1303.1991,754.8948,12.442281,10.507135,280.97003,243.76997,11.117778,9.64163,383.8233,397.25415,260.19208,349.99066,260.19208,349.99066,174,201,1.239385,1.1920276,4,8,0.0053853252814522285,0.006542320712624868
6696178993167005440,6696179577282558336,305.1689820285932,-35.14437778408541,305.22122655671654,-35.076995675399466,0.04623429570541132,0.028700318851731275,0.04377925074275835,0.03057493165082664,9.483692993898606,9.539934287274267,188.37776,161.34824,74.82721791459583,10.38454799132456,75.02544116177742,10.727713636548778,0.09571166179998157,0.05397381558518451,0.09022475306642118,0.05636998298994045,-75.56801882259693,,0.2714961654732941,,9.796526,14.813725,4237.491,2558.996,10.122664,15.991304,1153.587,182.80827,9.338614,13.738854,749.1138,749.0739,331.03098,352.1522,331.03098,352.1522,173,194,1.1924525,1.3943342,7,0,0.07979289025442403,0.08526335256015453
6696229291527485056,6696229295824027008,304.919789794638,-35.063211788507346,304.9212503240763,-35.0659364570861,0.05592690495525964,0.03024814774593633,0.11046733244376675,0.058843057366195016,6.597484728334047,6.48755962948481,131.82706,68.22584,-7.72095775445279,-15.927749272110898,-7.159963868426063,-13.693916385685663,0.11156705581210272,0.06601956862910609,0.20868102148465695,0.12210418736100931,46.521014017379144,,3.8767897423047253,,12.272064,16.251753,5102.2397,953.7105,12.794577,17.58361,504.8613,85.57826,11.504036,15.119021,75.53343,290.64255,378.79434,275.5565,378.79434,275.5565,155,167,1.3173475,1.4242578,5,0,0.0029753859269505676,0.003091434150070507
6696256989771673984,6696256989773473408,305.2270933470452,-34.83226001445258,305.22803738715595,-34.83078030382441,0.03861467882746299,0.024484165161118725,0.05340615509163161,0.02704810205964896,7.51265002935795,7.333564456902151,130.3462,116.17784,68.26217582957834,-68.26124987066291,67.686587904427,-67.78386110258347,0.08763060683721947,0.04947857408464716,0.13162847297645863,0.058118073742260495,-22.540963297217722,-21.639732270918607,0.2579277840499216,0.44771704737406726,9.99247,10.755636,3554.5583,3358.8367,10.326782,11.145052,1235.7108,754.6753,9.526199,10.2290325,920.7825,1058.6122,376.29694,244.81154,376.29694,244.81154,197,152,1.1934004,1.2041355,6,7,0.0016703339576312486,0.0017552080428965768
6696338765948703744,6696338765950194944,307.0681448667161,-34.975627212834894,307.0674036717513,-34.975129620089064,0.05061811100741046,0.03668095281311498,0.03733202222331079,0.025183065286748872,6.338609186620325,6.374796779541735,106.67512,142.40303,2.7242178752410338,-8.203907635136073,0.4466891873478729,-4.801319296841659,0.11122500655770887,0.06531114567534535,0.08015152163766333,0.0467919533031772,,24.668304949927,,0.6135947561990949,12.056876,10.804309,2084.2278,2807.712,12.524014,11.18931,90.11853,799.58923,11.385769,10.2682905,173.75906,661.14856,191.56314,352.61594,191.56314,352.61594,153,192,1.2672514,1.2122478,0,5,7.851452954675919E-4,8.92730931777572E-4
6696560042665349888,6696560042665350528,307.00074821802554,-33.81948134220527,306.9994206995817,-33.81876695806439,0.027707712642172182,0.019836899362035816,0.16708779137038707,0.10345442864076444,7.04417375797082,6.786338471257991,217.27812,35.015198,-5.4912383765931185,-13.522704141173909,-6.349926236294628,-10.638811915053479,0.0542397438204735,0.037007316276164555,0.3147275009837438,0.2084525212235025,,,,,14.130306,17.628641,2686.4124,493.9868,15.178421,19.396132,322.4531,26.89459,13.119868,16.243029,669.1371,116.845024,218.49033,262.28525,218.49033,262.28525,183,168,1.3596605,1.6703427,0,0,0.001314052721232236,0.0015075310674804037
6696618694738631040,6696618900895271424,306.4482267768182,-34.21190387431163,306.4452806857115,-34.21178834876581,0.08272172310198013,0.09325879100187794,0.07691554830930447,0.03706816681362704,8.603979415006503,8.509835570532402,67.978264,78.835625,-33.338094035908505,-11.114918118698348,-32.343119456423466,-11.71584014582984,0.16775397691479532,0.1553181530448362,0.14283000904309273,0.0804046557959753,,28.155720108767696,,0.26971025679616845,16.791191,10.076761,751.48804,2528.4978,16.729965,10.417072,176.62144,812.4257,16.808891,9.607387,71.63735,734.6577,126.250916,139.56044,126.250916,139.56044,131,111,1.1948318,1.1923057,0,3,0.002439049767610159,0.002948355297578543
6696684287479317760,6696684321839054848,305.90948341576666,-33.94249077762923,305.91540822261834,-33.94575751343098,0.06277528098446314,0.04908602862260845,0.04939199462781916,0.04117652673565417,6.485573469209678,6.669264152679527,71.53122,103.15062,-27.160902950787676,-23.066434111926128,-26.73992090639485,-23.35285089864363,0.13097087690995712,0.09465057755181581,0.10420040906463712,0.08965094298624499,,,,,16.389748,15.998921,1158.7946,1379.5881,17.902048,17.285713,112.32707,176.18242,15.197574,14.876232,399.0393,476.69373,351.54877,249.85028,351.54877,249.85028,225,201,1.459386,1.4222381,0,0,0.005901688708738256,0.00676571496799653
6696687100680478336,6696687104977853184,305.9755695369677,-33.943099243368216,305.9754186096579,-33.9423160178731,0.03031315976826582,0.023888885571804578,0.021563185754531245,0.015789304392053335,7.050173661464517,7.032847269603065,170.9261,221.60301,-70.63889228326427,-24.060476764395546,-72.10303555381233,-22.11299200075183,0.06257659613710354,0.04503871462779156,0.0466992645662106,0.029874349925290252,96.4243265653687,,12.561176873447883,,12.290316,13.4555855,652.1278,1873.9451,12.901137,14.151464,157.86174,54.88714,11.536081,12.592388,258.54407,247.10884,244.66992,108.81029,244.66992,108.81029,200,190,1.2710414,1.3296502,12,0,7.931704765663084E-4,7.976347717238125E-4
6696708163200092672,6696708816035402624,305.81475061738763,-33.69080068809732,305.73859190538644,-33.68514169859014,0.03262437108511301,0.02476053146209699,0.13051059026870324,0.09184416067193373,5.741396840169628,6.031306055240481,132.67207,34.632366,10.776577010406617,13.043645540240252,10.58902435458969,12.994816847351077,0.0646294654290787,0.043787611622981684,0.2521868042354858,0.16874930240563335,,,,,9.051927,17.483183,3260.293,806.0233,9.232437,19.356472,753.31506,30.87682,8.777154,16.182348,535.85864,185.96729,672.4513,373.54712,672.4513,373.54712,226,207,1.1695702,1.5423254,0,0,0.06362159944885357,0.0763686688107258
6696834439535847808,6696834439535847936,306.6832982491712,-33.0462906988295,306.6832299128277,-33.04559583637747,0.040578983380996136,0.032029753932752425,0.04804514864377786,0.03957608185661745,8.881942278590772,9.050031162900295,172.69194,140.64998,-11.549547983482533,-27.54332563640152,-11.10755762720159,-26.40500106292796,0.08005075520296467,0.06382397268745992,0.09582637122497306,0.07802009686408776,,,,,15.035606,15.124322,2059.5945,1771.9154,16.223812,16.558489,71.1311,54.69943,13.882408,13.928162,78.74367,207.1425,273.878,415.32428,273.878,415.32428,173,185,1.4776858,1.4776716,0,0,6.972195019093055E-4,6.982146396913835E-4
6696934666892447872,6696934666893316736,300.8930211002008,-37.942975888907014,300.88978751260987,-37.94105501329801,0.2572845605802278,0.1416712573765961,0.13961554879113688,0.1149993121918487,8.968493328453098,8.339516140296624,37.687054,47.872284,60.2854154170684,-85.95305988128922,63.54563991725352,-85.14144048066308,0.7054304817138481,0.2851658943639344,0.2743013288724424,0.21514018339364518,,-43.881685139980426,,0.2725655477815825,14.739712,4.1968827,471.12473,298.04047,15.804495,5.038391,35.393482,952.41003,13.436661,3.4769604,76.28623,199.17538,2154.9468,12033.13,2154.9468,12033.13,109,251,1.6896033,1.1645396,0,5,0.0031926244251356084,0.003761097155570431
6697012246887078016,6697012251182387712,301.45925825198907,-37.639384030390055,301.46192138246533,-37.63839352281525,0.051738060545818934,0.039342506454767404,0.09465109759343997,0.06887864092320327,6.450660953076088,6.283201136950018,95.57526,53.307175,-12.583640801745958,-26.421690556112154,-12.76510580221216,-25.841451062226753,0.10257372297354117,0.07221265315384705,0.18020432612979573,0.12631197477667205,,,,,15.999267,17.286198,1196.4001,903.03986,17.408216,18.915543,144.41505,45.292046,14.837299,16.05059,456.891,273.36777,323.56274,280.19617,323.56274,280.19617,209,201,1.4425254,1.4929096,0,0,0.0023298984266393163,0.002841367485798929
6697056948905594496,6697056953199978112,301.95737288784295,-37.021396250087825,301.95797458287933,-37.02324557706909,0.22947090256646455,0.17134769253286625,0.2673800193149339,0.19958356080435158,7.845766955892574,8.169180356787868,27.46601,24.930607,-35.8237148179641,-41.84102102546611,-37.01825863678173,-42.345315479653316,0.4630825410695318,0.3159671854165308,0.5379101782994744,0.3745259116917182,,,,,18.719484,18.949802,372.25,358.4725,18.747494,19.069124,28.597681,27.402357,18.43758,18.665125,32.95062,27.981665,202.16975,190.21976,202.16975,190.21976,186,185,1.2668165,1.2105954,0,0,0.0019107036922985847,0.0019447486214006558
6697411064666577408,6697411099026315648,301.0314989686269,-35.807271236740284,301.033497877552,-35.806913876784954,0.0776964911557132,0.06662331740416244,0.031908200642065794,0.024997160279802554,29.427599560054308,29.362065034509072,293.23514,750.8349,187.0151336663107,74.25844577490032,183.93042403980076,75.13256774395731,0.15573910756010662,0.12775437080532917,0.06640842246661069,0.04649685553360248,,-22.79598708976586,,0.36256851699770287,15.939593,11.662279,776.4386,1923.8861,18.095888,12.724237,46.04175,550.142,14.542876,10.660239,159.11221,790.6804,583.5054,453.08487,583.5054,453.08487,172,195,1.6427073,1.3477986,0,6,0.001660019489278185,0.002030601641994863
6697813554639067648,6697813554641159808,301.80618328031983,-35.33127182042471,301.80493200171964,-35.332042944246496,0.07490582193338416,0.05907919955192152,0.04951652218886968,0.0380863687899676,6.974230746254911,7.121183874930324,69.07687,108.98981,-24.268031572795813,-167.97921491229832,-24.076199784296314,-169.1851854749753,0.14788546730959992,0.10614282536579576,0.09807795675397601,0.06901747990414905,,,,,16.859474,15.898109,1087.256,1298.9792,18.406914,17.270884,52.96809,108.027534,15.629885,14.740014,402.3633,600.152,367.1644,330.92557,367.1644,330.92557,218,219,1.4983721,1.4448885,0,0,0.0012793345610535925,0.0014698061381783086
6697823518965233664,6697823518965233792,301.50509535871606,-35.35133081444795,301.50618950205353,-35.34454639072226,0.02662245555206279,0.02095548613741804,0.10256573182533188,0.0808557712420076,5.519217810035622,5.62026674967004,153.74265,42.872746,18.544092575510852,-12.05591883281888,18.395719709082613,-11.410211534161716,0.054614573217408424,0.03863049715551483,0.20788474946887991,0.15761922357023164,-1.8249592731027864,,1.0060546953227225,,12.902773,17.432255,3062.7268,834.025,13.530678,19.059711,671.55646,38.784134,12.164894,16.183197,2071.3752,175.75197,387.3938,306.91913,387.3938,306.91913,217,220,1.2517632,1.5097669,10,0,0.006842869160858149,0.006872085195385787
6697849357488236672,6697849391847974784,302.6521231048108,-35.34661157188342,302.66195848450076,-35.34606352473482,0.033257302691203895,0.0249694468245984,0.03601633490107555,0.03346534545307083,6.599970963958896,6.635131501009161,156.39937,119.14154,29.433857712492333,-7.838967122078304,29.755923701685553,-8.510368117653794,0.06513804468322756,0.04831236940378276,0.07602095250788798,0.05785176099313239,,,,,14.35238,13.954432,1403.4817,2636.5928,15.52416,15.008191,187.27286,301.06454,13.28557,12.94644,360.05624,1124.1456,290.30124,336.35098,290.30124,336.35098,184,166,1.3871784,1.3557819,0,0,0.008041121969750166,0.009850637000849028
6698073516124288896,6698073520421879424,299.0064718406901,-36.37339170552498,299.0051094786843,-36.374225883779296,0.03867125972328416,0.02874271474667546,0.0429451367299426,0.03464087625772732,6.036995169896797,5.889941603515385,101.68627,86.30021,20.12722283086492,-11.070158090282273,19.81881714262747,-11.851351347211303,0.08801088946642673,0.04853308637419294,0.09575515163354496,0.059770729839639644,-37.45051410943978,,1.12305660649988,,12.544277,15.10547,2017.802,2065.189,13.11224,16.200645,407.98535,112.79014,11.850095,14.020901,747.6442,278.72986,141.48524,304.117,141.48524,304.117,189,180,1.2419447,1.4241617,7,0,0.0013780785150540131,0.001597461609817057
6698348295249664384,6698348295249664512,298.29583269452286,-35.827579980026734,298.2950209397177,-35.828361077856776,0.07460707330461504,0.06178127360905357,0.05963606135294666,0.04960464702309185,7.378307613874387,7.477147689414515,66.90743,87.7031,6.528433667503463,-41.086380969903765,6.080009678907579,-41.8799522619695,0.15634565498217343,0.10502197072519744,0.1241136023141723,0.08580570269583468,,,,,16.514362,16.308865,1088.2819,927.1979,18.134445,17.84839,53.259735,40.94784,15.275928,15.087669,236.93454,331.098,343.24307,270.61386,343.24307,270.61386,193,185,1.497778,1.4894787,0,0,0.0010214104361150073,0.0011265254918615877
6698438936239385856,6698438936239385984,300.0385497128179,-35.12034841227871,300.03753176882424,-35.12086095157619,0.04544179790589923,0.03616158904075059,0.07415381648061964,0.06245923669724183,7.636343409070529,7.76812130881932,144.46191,89.66714,-28.95054354526542,-19.939536614913465,-29.329194157363467,-18.440897994276348,0.09043692521759016,0.07221240149124315,0.14578053376389088,0.12530736766081813,,,,,14.596528,16.751156,2643.7383,1087.2688,15.84108,18.225632,311.68597,46.311592,13.495306,15.504369,769.2297,183.88661,461.45667,268.8252,461.45667,268.8252,199,200,1.4076728,1.5317328,0,0,9.777283200842343E-4,0.0011396957952283918
6698647809088837888,6698647843448574592,300.9941716503381,-34.860227012845456,301.0101269886615,-34.85268064960287,0.07257837036887528,0.05198825380631223,0.028176790834526632,0.020601597293037868,9.172530123411684,9.389403147953477,92.07076,266.64557,0.9342949820581321,-36.313019965694714,0.7476319570859271,-36.03155893585482,0.14664580589688517,0.09502206096623354,0.05694265869836856,0.03818057905065832,,22.26474843656642,,0.3612254870705941,16.295763,10.488113,1101.2643,3167.4287,17.939934,10.922229,82.44986,1010.6101,15.051023,9.925868,375.87527,989.48334,421.319,460.67706,421.319,460.67706,210,219,1.5019213,1.2065673,0,6,0.015111826699129546,0.017649941053825852
6698831324451176448,6698831427530391424,300.23669672842146,-34.64385165630989,300.2427695116808,-34.64034769897797,0.0302273191732747,0.02201652843802205,0.04962264743457214,0.03645366968886887,10.17306450834008,10.102503864274212,234.48247,142.47093,17.82803528728828,-25.238428433378783,18.226874006937265,-26.240574411787115,0.06392758824466531,0.03934678715725465,0.10523541018871164,0.06671691999374513,-34.31774217684525,,11.470941355652865,,12.010158,15.885003,552.2167,1454.7837,12.781048,17.312225,152.92279,116.70565,11.160183,14.718515,272.89395,448.01883,299.27216,287.21072,299.27216,287.21072,211,209,1.2924466,1.4443659,9,0,0.006102431279338774,0.007011163491107844
6698882275648220160,6698882279943369472,300.30913531734103,-34.16423195107625,300.3074399105631,-34.16324869498095,0.09989254567379022,0.07162192594859357,0.024169001433979584,0.017807230320300925,6.513697461741524,6.28082621996555,53.35222,209.5679,29.00764332761618,-24.15560850855894,30.149853987608324,-24.379948261126753,0.20953127512756842,0.14365693590432896,0.05095261490047054,0.03352044481368047,,,,,17.293413,14.307101,903.21045,3395.4285,18.833344,15.296981,34.66938,304.05835,16.036924,13.328385,198.97456,747.9833,253.6077,283.90015,253.6077,283.90015,200,220,1.532758,1.3439368,0,0,0.0017131126328623284,0.0019598971124887856
6698970133498141952,6698970137794476160,300.82727810991366,-33.99966980410727,300.82659135004195,-33.99977956874518,0.05197321409775006,0.03876856266418689,0.06183526223550271,0.04562972005499279,16.094018775795632,16.05973831072008,219.42905,185.12697,7.072277353881859,-30.82914739091276,6.290465624916505,-27.51931897249556,0.10760460704960499,0.06667378316049022,0.1281567372019537,0.0785206457168231,,,,,14.326438,14.333311,714.1227,1075.8163,15.860712,15.871572,85.97999,62.663692,13.087509,13.068215,129.80017,107.57071,761.38104,940.11536,761.38104,940.11536,199,198,1.5119442,1.543818,0,0,5.798357525932399E-4,6.954763814322806E-4
6698991646990729472,6698991853149155200,300.90852281051053,-33.75535405733606,300.93522224498093,-33.7479636661686,0.035188954464029296,0.027631866720373682,0.06518042561755463,0.05245460607237782,7.957381547740362,7.860171919821082,149.85947,74.93063,-7.609377206587284,-13.7613459883763,-7.584293930845628,-14.050972108166318,0.07655282508655895,0.049444942812574354,0.14405815842197411,0.09051678206516443,,,,,15.258693,16.675854,1985.0901,1053.2101,16.428839,18.11516,260.42847,61.970524,14.187397,15.500392,502.54352,355.38556,307.24167,246.00546,307.24167,246.00546,220,198,1.3922659,1.4525379,0,0,0.02339719058334144,0.02770338756627741
6699038238796042880,6699038238796043648,300.65817550659995,-33.642063692696944,300.65491832076304,-33.641474444597,0.07838456517070513,0.06283340002870083,0.022489610473239913,0.01553432933167189,5.696714087093336,5.730291522513276,51.4776,208.1249,12.022293928933976,9.563638982108063,11.617052798562744,9.460393559399657,0.16391177383672142,0.12140638573264298,0.04744625075088684,0.02979999550781848,,18.553382657514984,,5.552623447611677,16.726398,13.35017,972.2027,2925.7546,18.359344,14.0702095,34.374146,529.15186,15.459799,12.539911,327.1447,688.0249,378.5989,131.01053,378.5989,131.01053,202,198,1.5308646,1.2762545,0,9,0.0027749482422684663,0.0033100563287343206
6699166091382071424,6699166091382071552,304.09304282335523,-34.9261472430846,304.0927934676623,-34.92532461220472,0.10767471028033149,0.06556006196150922,0.025841815200025924,0.01527282727162215,5.871838679232582,6.062632027402153,43.126556,188.70589,25.48718169658152,-54.28491928061669,24.83264596590148,-53.97562608117102,0.22008029814099614,0.1251287615076793,0.05274816705336982,0.02888960095088987,,,,,16.937304,13.505714,652.9066,1611.6357,18.40561,14.332436,55.85954,428.5095,15.53575,12.626021,34.35468,584.9933,302.17307,166.72165,302.17307,166.72165,184,184,1.7385917,1.3002429,0,0,8.476552959048493E-4,8.595928257746345E-4
6699271094742236672,6699271129099585536,304.27207581719057,-34.47456457361581,304.27491616232555,-34.47418521579566,0.037886579842183805,0.029274071769655255,0.07386817002873833,0.0598997374974883,10.10076103541517,10.047851574583653,180.23862,89.95411,11.244742382379371,-94.73510412797674,10.872175823030183,-93.5197900800236,0.0794576167674098,0.053866597926442744,0.14851953789552644,0.10440189555999066,,,,,14.381965,15.797651,2545.137,961.9675,15.688361,17.344553,302.7224,49.50139,13.254509,14.578307,847.7587,322.5545,398.0553,439.6568,398.0553,439.6568,193,177,1.4234987,1.4860417,0,0,0.002372053557039317,0.002865566757474003
6699272881448701696,6699272881448701824,304.41287763510866,-34.49889383896028,304.4131778793192,-34.49821933142319,0.05111342135658669,0.037413027754811125,0.06316168046175573,0.04628717225394339,8.02741659829076,7.902952242808989,110.97716,89.46157,35.96551578272604,-36.328241686048734,34.31090489657876,-37.32802294212479,0.10475396538656136,0.06931457138998168,0.12761630600175308,0.08554087343761273,,,,,15.667161,15.969185,1233.8408,1184.8146,17.030018,17.401783,72.47766,86.45903,14.422407,14.766455,64.57382,154.89273,389.4564,433.5297,389.4564,433.5297,216,218,1.5496352,1.4857359,0,0,7.184627020952702E-4,7.38313621410895E-4
6699360911096724480,6699360911098594176,304.56373171550496,-33.96633205143162,304.56686153797745,-33.970956907916616,0.036510168826591485,0.024619047636855098,0.06452621224294386,0.04388091602012329,5.45592716593742,5.2988122022965065,124.555405,63.574055,32.66020418227204,-19.162798762175207,32.880190558351146,-18.98974843084304,0.07467048487731977,0.048264893985521355,0.1283635395779307,0.08346222400980453,-1.5918680669776037,,0.48383289968257576,,10.799353,16.110437,2293.6714,772.49304,11.111974,17.454042,487.93958,99.845695,10.320143,14.972556,424.34134,372.95343,371.2683,252.65459,371.2683,252.65459,168,164,1.2121215,1.4276937,3,0,0.0053034842068348746,0.005584360860124197
6699448528429273600,6699448528431656320,303.42364543393995,-34.117740525387745,303.42349221812714,-34.11850437646754,0.04149016472749267,0.029702098805779086,0.038780597526266176,0.025116824638053963,6.353395029198332,6.202296005418421,109.25003,98.78499,24.010687085611536,-8.850847137851826,23.884519761111562,-9.352143132354195,0.09046638701870494,0.057541220126099246,0.08908383960409816,0.046119332558908106,,-24.526180326685218,,0.1549030973197466,8.193045,6.673987,2018.1755,4012.1067,8.391718,7.176258,323.3873,252.3742,7.7138577,6.045907,24.178738,320.03867,462.79254,367.1833,462.79254,367.1833,198,216,1.2729398,1.2213571,0,16,7.743113492663835E-4,7.790658235363359E-4
6699755841931141376,6699755841931141632,304.61447213669993,-33.62821160716639,304.61416987909627,-33.62723685024493,0.053180972141593105,0.039978372806184215,0.02984446260627402,0.022182054960649178,12.684752158446566,12.658931016743676,181.54147,323.39746,102.34176891949609,-2.1971095570732295,102.11271717453704,2.8642688023036365,0.11206497606223297,0.07882728950609881,0.0650350934029781,0.0435186232946013,,-62.16117406373124,,1.0594944754875548,15.559574,12.547977,1303.7244,4197.232,17.010035,13.492841,31.881756,509.22958,14.291691,11.599858,115.13765,1015.40265,466.70032,373.34967,466.70032,373.34967,217,219,1.562305,1.3272508,0,5,0.0010067232838409574,0.0010205443228578377
6699868232635182720,6699868473153354624,306.10224549450396,-32.70902454117426,306.0855744223439,-32.700192653212376,0.05949919634353416,0.04514019469935603,0.03181967822685841,0.025859576701529503,10.491979845644334,10.385732919618732,127.76671,237.82666,38.95172713918387,25.601855412452238,39.744154381293114,25.18472733949817,0.1222091057361031,0.09056708893290642,0.0649756689465417,0.04826624999051581,,-6.407582523815172,,0.7050332591999302,16.13528,9.369107,1094.4359,4627.4165,16.059921,9.681173,185.6711,763.61945,16.23525,8.932739,244.6977,613.31104,331.87006,580.6982,331.87006,580.6982,220,227,1.1744117,1.1867753,0,5,0.01657683886148965,0.01886602480486596
6700050785925312768,6700050820285050112,304.075538280658,-32.61955355944882,304.0813312092992,-32.61649879443722,0.0377120192266139,0.027732394391032467,0.08813449247502,0.06374061698653197,6.215238123096193,6.312246150465325,135.45561,59.63239,20.506665115165376,-13.223926785209684,20.005903172304745,-13.134431190438491,0.07682552921117197,0.0532725110510362,0.1755783811022532,0.12453965320621224,,,,,14.925197,16.8931,1196.3837,723.39954,16.075596,18.47081,133.83182,40.10058,13.858551,15.644499,455.96603,285.90454,271.73334,274.54593,271.73334,274.54593,178,181,1.3919629,1.5168786,0,0,0.0057566488448064675,0.006549016072518544
6700183655033224320,6700183723752702464,304.54711508085967,-32.06458956302023,304.53447647403647,-32.05333528483188,0.06691813228899425,0.05359521149798064,0.05080202846227862,0.03977957612712691,20.584643286575805,20.79853291933119,209.94217,273.3068,-48.33746989987853,-58.01889764259903,-49.16442167352622,-58.31106991266966,0.13956246113472331,0.10690360033825916,0.10928716193231809,0.0797116328881289,,,,,15.617748,14.148186,1838.2167,2176.7043,17.45185,15.685165,72.16064,309.82574,14.316484,12.93758,409.25745,574.60724,535.33704,828.8133,535.33704,828.8133,198,210,1.5476861,1.4771628,0,0,0.015536718491554996,0.01692315455144758
6700527218058195712,6700527218058196352,301.81304559328464,-33.14602807708953,301.8143426700582,-33.1434066047352,0.08246075384868204,0.06945690043077689,0.0454107452561286,0.03796426956439775,16.69538380012821,16.816652753896648,147.00034,269.11218,91.24008831961433,-72.65822575728475,92.52094383393299,-72.31942571559102,0.16999773064266718,0.1396204695483231,0.09399839157798716,0.07670100384489087,,,,,16.325748,14.448845,1079.0548,1698.5898,18.379873,15.986886,41.609333,144.40132,14.981238,13.235015,398.95898,673.057,510.3534,583.5412,510.3534,583.5412,196,196,1.5802407,1.4808521,0,0,0.0028375312370009656,0.0029248120385756944
6700559344413902464,6700559344413903360,302.2394769678006,-32.78162662088039,302.2313184691695,-32.78505866012828,0.04976498206466164,0.031915863023587,0.04528235062358096,0.03156525459569741,11.213195687854842,11.275909945294204,183.58295,208.37958,97.60731797834984,-79.2858961546184,97.83030365478825,-79.54172183464112,0.09958377329540487,0.059861880741567244,0.09221645430251649,0.06153887672763837,,,,,15.407889,15.042559,1655.0616,1680.0076,16.762644,16.35642,208.78299,224.63753,14.253132,13.910399,507.50424,690.8926,337.94522,453.92813,337.94522,453.92813,194,203,1.4445533,1.427215,0,0,0.007669772242674695,0.008850988267603471
6700650706958417664,6700650706958418048,301.60047757615143,-32.224728767831266,301.5998492577328,-32.223832291006715,0.060902923650837396,0.036083881671316556,0.06339903866102016,0.03851122094278857,7.505935812109049,7.52623088362502,104.21369,101.07723,-10.637594829253484,17.576129261706274,-10.247625731691523,16.963433832916635,0.11010776387828694,0.06840873356815443,0.11669270087031776,0.07241770196898611,,,,,15.4342165,15.4092865,1695.9663,1456.5172,16.725685,16.700216,165.62927,198.34874,14.305728,14.284809,629.9522,705.54694,351.2985,421.7062,351.2985,421.7062,196,202,1.4276922,1.4233593,0,0,0.0010422101925133276,0.0010947395727611655
6700688777548129408,6700689529166623488,302.7263191981018,-32.323606334511574,302.7270876943461,-32.32233282243238,0.04975472967301713,0.03167552157730552,0.05770821422448424,0.029493646188941475,6.693705866674911,6.709684273207858,103.9245,116.59337,1.3313822866683447,-28.55119968104513,3.363532819434697,-30.143326785274198,0.10090470492622647,0.05664276899952413,0.14411785313615663,0.06318924784614699,,-22.857700868741354,,0.7757295178853678,7.5942993,11.633693,2571.5955,599.9176,7.658754,11.954277,547.7789,45.601036,7.5293317,11.018251,400.80872,133.01183,442.4898,226.1501,442.4898,226.1501,166,142,1.1432002,1.296655,0,6,0.0014295362822328583,0.0014874204158015904
6701081646795764352,6701081681155502464,303.02707933313457,-31.88047340378475,303.0372531305714,-31.874418040619226,0.031044848331068336,0.021378960523242025,0.07318455932538075,0.05214374597468001,9.871046369763802,9.957604857693466,265.38843,116.2855,41.279724315192595,-11.989759072049734,41.04088801636705,-12.071096236570716,0.0673537233080127,0.039921204746453116,0.14341534383213173,0.09822018150634909,-19.86352176472171,,2.658511717504121,,12.895667,16.270508,715.65405,794.2893,13.773138,17.957458,216.64336,79.8934,11.991754,15.009464,250.12025,350.45276,379.5018,406.50687,379.5018,406.50687,206,214,1.3062139,1.515975,4,0,0.010550181894828117,0.011839492275944738
